doador_id,cd_setor,regiao,municipio,ipvs_grupo,lat,lon,tipo_doador,segmento,tem_refrigeracao,pode_entregar,documento_hash
D-0001,355030844000110,SP - Leste 2,São Paulo,2,-23.480986,-46.425679,PJ,restaurante,True,False,7b4d074d8121bbe11c40b4b1f5b727fe065cc587b17bf300e389c7629263bd0b
D-0002,355030827000258,SP - Sul 1,São Paulo,1,-23.609104,-46.61786,PJ,restaurante,True,False,137fd6dfdabc327ca131359c927ec0f049a87ead6ad45c3ec29886b7369af6e7
D-0003,355030845000222,SP - Oeste,São Paulo,1,-23.563372,-46.663269,PJ,restaurante,True,False,e1a242b0348e0f182a78bd74fafa48e64dfbce0ad11b286253a3628e47c900b9
D-0004,351880005001482,Guarulhos,Guarulhos,2,-23.461571,-46.565856,PJ,restaurante,False,False,6a8ef3ddf35a7a567507e1d39e8ec1d5f2c7257c70462bb218f0cdf3555d03ec
D-0005,355030876000201,SP - Leste 1,São Paulo,2,-23.608608,-46.524758,PJ,restaurante,True,False,89b8aaaff6f373b2fab2c3a5a01ab73f2e0204f4aa97a65f7dc06ca35ba35ca4
D-0006,355030829000045,SP - Norte 2,São Paulo,2,-23.501739,-46.693533,PJ,restaurante,False,True,a56093ebf4c4153cafe8d5b9d3b34542b72d0ad476430257239274e0249e34a1
D-0007,355030844000198,SP - Leste 2,São Paulo,2,-23.476045,-46.421721,PJ,restaurante,True,False,3f928f0e55bc0b817a717f125d3992fe2c3c66ca8c04f39c91a90bfef2987257
D-0008,355030807000258,SP - Centro,São Paulo,3,-23.557747,-46.651805,PJ,restaurante,True,False,be37ef1862129af6bb70c8f169f6b74ad054e8b86b6b258831207341ebab33b0
D-0009,355030822000304,SP - Sul 2,São Paulo,2,-23.676714,-46.641558,PJ,restaurante,True,False,c532e3dd2471626a7db4a5509b327f050e4bf98ddacf845a593a5f42194b28ce
D-0010,355030854000159,SP - Oeste,São Paulo,6,-23.603359,-46.698697,PJ,restaurante,True,False,11e9062eeadecf6f3ce8de3e5f5909dbbe8aa5c40fda0dfef0bed4d42e1dc325
D-0011,355030868000091,SP - Sul 1,São Paulo,2,-23.629427,-46.584804,PJ,restaurante,True,False,94d407300fc9936f5f0d86774022a0feb00a6097590a71bfabaff7c8b89eb3f7
D-0012,355030831000168,SP - Leste 2,São Paulo,4,-23.562158,-46.405645,PJ,restaurante,True,True,401d252b35c06f848925d92b8cfaa994a84a3496f728f0b111147f17ad2d6868
D-0013,355030860000341,SP - Oeste,São Paulo,1,-23.537502,-46.672103,PJ,restaurante,True,False,61557995fc68d1cc53d5a2156fcbefeec93a9735ee7f8b0290fce68fc3aabdfc
D-0014,352940105000979,Mauá,Mauá,2,-23.64359,-46.456081,PJ,restaurante,True,False,ee4a9fc4602037c623b5a24528bb2e6e4e7bce3d5036d936400d890fe19dd7fb
D-0015,355030885000027,SP - Leste 1,São Paulo,2,-23.56756,-46.534874,PJ,restaurante,True,False,777e5aec4f97745420d004db58544ead7cceffb7a41b0715675fcb64bcbd6afc
D-0016,355030888000150,SP - Oeste,São Paulo,1,-23.525586,-46.73266,PJ,restaurante,True,False,c84011f337a7f8dd5139252d68a64709228447af62e2b1d53c13953ecad37ee2
D-0017,355030817000188,SP - Sul 2,São Paulo,2,-23.635746,-46.760541,PJ,restaurante,True,False,1b34a0165c968ee2759c84380ebfc28defbcfaf905c540bedb604676c82a506b
D-0018,355030849000046,SP - Centro,São Paulo,1,-23.569859,-46.626542,PJ,restaurante,True,False,e759561b192b397d972bf54eef5028deb94aafae56da0c42520b714f019df692
D-0019,355030881000018,SP - Norte 1,São Paulo,2,-23.456353,-46.594345,PJ,restaurante,True,False,b40454b4f037b8d05f039a5e40a82413c8bdbf6fca50d969f6373b0b76f245a3
D-0020,355030837000248,SP - Leste 2,São Paulo,2,-23.51633,-46.448479,PJ,restaurante,True,False,125353c0d35504de89e5326a8993751b43d41c4e0456c0d17ffba13af31ce46b
D-0021,355030862000194,SP - Oeste,São Paulo,1,-23.561881,-46.684038,PJ,restaurante,True,False,cb4a4abb46c6798e7e0b43e8d15a4d29a249989751e84fb3c858ebd1dcd02527
D-0022,355030864000054,SP - Leste 2,São Paulo,2,-23.526916,-46.491537,PJ,restaurante,True,False,2071cf960ed2261064ea5a15f382afc721b1143075b926de9b51d9346a922aaf
D-0023,354880705000212,São Caetano do Sul,São Caetano do Sul,2,-23.606296,-46.574848,PJ,restaurante,True,False,6a705f5cfa822b758aa248598404b032beaf2cd278b1eba670dca90f61df9db0
D-0024,355030893000128,SP - Leste 1,São Paulo,2,-23.608933,-46.560167,PJ,restaurante,True,True,579ad087cc0745f07c245026fef5d6453822fdbc38b805e137e0b2f32e389bb8
D-0025,355030879000065,SP - Sul 2,São Paulo,2,-23.682847,-46.707477,PJ,restaurante,True,False,638dae216aead5d95bdc2e518ab6acb5b7d421fdce1f049c9cef2be7f7d00792
D-0026,355030847000040,SP - Leste 2,São Paulo,2,-23.544538,-46.439978,PJ,restaurante,True,True,40943f32cc9e79a2cfd3bb770ca90a86b72f52fee841c8a86fba77a8ff8ca5bc
D-0027,355030871000097,SP - Sul 2,São Paulo,1,-23.647553,-46.704045,PJ,restaurante,True,True,9358ae075601f223bc155f22f72464fd461175887f8cb2e93816e81a6b21b7a1
D-0028,355030851000190,SP - Norte 1,São Paulo,1,-23.483623,-46.642927,PJ,restaurante,True,False,e1225bad89c0222587373f22c0a40195b7ea30145f02efa5647ce7b9dec46fd1
D-0029,355030822000515,SP - Sul 2,São Paulo,2,-23.657808,-46.666539,PJ,restaurante,True,True,5c5d424da3c40969643841c9c4295a97e546f013656b6fd8744beeb92570f3f3
D-0030,351880005001326,Guarulhos,Guarulhos,2,-23.469054,-46.538556,PJ,restaurante,True,True,e229b6cc1c2269deed7dc5d5023f73e9e874460cfd8dd9962fc75761a8d97bfd
D-0031,354780905001550,Santo André,Santo André,2,-23.663934,-46.512738,PJ,restaurante,True,True,60239eaeb426a85dbbf1dd193c08714d6143130f026c982ae601188e3087abb4
D-0032,354880705000272,São Caetano do Sul,São Caetano do Sul,1,-23.643608,-46.576079,PJ,restaurante,True,False,b3fe77e4cf430aae3d4da6c81f5ca51ea3cb308dd58e443c8445cac995d81dde
D-0033,355030826000188,SP - Centro,São Paulo,1,-23.553879,-46.664219,PJ,restaurante,True,False,c37ec02461ecdfa9bef98ab8274e2ef2e657895781495722922d7eedc0d65a86
D-0034,354870805001408,São Bernardo do Campo,São Bernardo do Campo,1,-23.722696,-46.563953,PJ,restaurante,True,True,3e614045545a1eb18140edbf952a52864bf1ba204e127ea313c03d241621b462
D-0035,355030817000525,SP - Sul 2,São Paulo,2,-23.644126,-46.769989,PJ,restaurante,True,False,8576a4e84a560a329b82005b723062ea989c933eb5aacd006106d6b096fed595
D-0036,355030863000368,SP - Norte 2,São Paulo,3,-23.476134,-46.744171,PJ,restaurante,False,False,a3f615f0798fc4e0d1e6fe817e1eb0306851adcc3ae2396c63c25d7883ed3890
D-0037,355030835000205,SP - Oeste,São Paulo,1,-23.614527,-46.683654,PJ,restaurante,True,True,3609a6c6f6c81e41fb9cf9b66ceaf64ff6b0aa1a32b033a634c6d4ffad0ebc15
D-0038,355030890000298,SP - Sul 1,São Paulo,1,-23.592664,-46.638378,PJ,restaurante,True,True,572f0e8fa2ea22d71b9e32d6c8e1de65816a5a6eeff2194c3157fb5309a6939f
D-0039,355030801000065,SP - Leste 1,São Paulo,2,-23.564311,-46.561589,PJ,restaurante,True,False,06379e2d29fe1e257896b7b59e238d2307d39a17d9fa52ee526a1e9a797e4c2d
D-0040,351880005001196,Guarulhos,Guarulhos,2,-23.463121,-46.534451,PJ,restaurante,True,False,9279a652cb1d304e919c764f110e960f6559152ebac593bec4748ddfb7fc6896
D-0041,355030846000563,SP - Sul 2,São Paulo,6,-23.662055,-46.754805,PJ,restaurante,True,False,62ac3edfb5108a35eb708e3813a39b42287e376ef03d30372357eddaa167d1e7
D-0042,355030845000146,SP - Oeste,São Paulo,1,-23.55609,-46.67532,PJ,restaurante,True,False,c854a18745390997c2eeb7f5b3b3803a620574432838b0db3c0139a8bec580cf
D-0043,355030895000199,SP - Norte 2,São Paulo,2,-23.476377,-46.753284,PJ,restaurante,True,True,d7f2f107811a7efaca1a0dc397202a1ffa5df325fe0fef37768ae098d4a51869
D-0044,353440105001468,Osasco,Osasco,2,-23.498072,-46.80691,PJ,restaurante,True,False,f7791af24c17b0f16dc196d0bce2c63f697e0de253d02825cba5beeef090fcd7
D-0045,355030865000070,SP - Oeste,São Paulo,2,-23.592736,-46.79201,PJ,restaurante,True,False,3717f996c3ec444c8151180762ea3ad8b1dcdf1a438cea85c82ea6d9a247c1ed
D-0046,355030882000215,SP - Norte 1,São Paulo,1,-23.481759,-46.608919,PJ,restaurante,True,False,30085b2868028642cbf65d242ae374df6e0e32d1bc1e59e7c3bf2c5b2b3f1ffc
D-0047,355030809000051,SP - Centro,São Paulo,3,-23.53504,-46.62729,PJ,restaurante,True,False,86e82fd2a5bae5cc3d0c9d53a21a01bd1a092ce9b5e69d2c7c23453c9148ba63
D-0048,355030812000090,SP - Oeste,São Paulo,1,-23.570214,-46.73017,PJ,restaurante,True,False,ac025dc83ea936561a3db39c1976972faf1e1e342c1738cd6fc8ea7cb346d23e
D-0049,351880005001310,Guarulhos,Guarulhos,2,-23.483123,-46.543153,PJ,restaurante,True,False,ab6fa143070d4b4ef4c87d3fe5d263032e33b601cec131d1334a30d8ffeee31e
D-0050,355030835000168,SP - Oeste,São Paulo,1,-23.602588,-46.676105,PJ,restaurante,True,False,7ad368d1fa2393f828270370194a40c6be938d4e0f5f525a66afb14debf9501a
D-0051,355030883000328,SP - Sul 2,São Paulo,1,-23.627079,-46.738262,PJ,restaurante,True,False,02e9c85b1c46de6639b1ab1481f7be8d22cfba7718d23fde616b6309b36654d8
D-0052,354870805000256,São Bernardo do Campo,São Bernardo do Campo,2,-23.694565,-46.564514,PJ,restaurante,True,True,595f643caa399213f26bf2167414f3c44f532434d350ecfbd141bca72ac884f4
D-0053,355030807000273,SP - Centro,São Paulo,1,-23.552701,-46.648549,PJ,restaurante,True,True,cc40b724c81f6a69883cd8c7cb2b8fa6ac14abcd96cc494fec7a54da65f14ff2
D-0054,355030848000153,SP - Oeste,São Paulo,1,-23.523573,-46.696157,PJ,restaurante,True,False,3f78d7498380b72ff146016ff527878bb687f7a823d8a034ca2d50a4ac79117e
D-0055,351880005001616,Guarulhos,Guarulhos,2,-23.444544,-46.536863,PJ,restaurante,True,True,3729f095539f1ba94d4230457150da222f377631512a1e2267f4895054552954
D-0056,355030807000204,SP - Centro,São Paulo,1,-23.564923,-46.642304,PJ,restaurante,True,True,a331167e862995d6db99113d0be5e9489f22977be6f25c152d1b4984a0db1532
D-0057,355030889000012,SP - Norte 1,São Paulo,2,-23.508261,-46.582195,PJ,restaurante,True,True,2580eefdab67696245c3c2632ecbb7873c26d132aa39cf7c99e3474837e412aa
D-0058,355030838000148,SP - Sul 1,São Paulo,2,-23.646612,-46.637395,PJ,restaurante,True,True,925a7468b0ec3a3d1edf7b2e77aa91e3bd789cdc301cdcd29f99acc91f1541ac
D-0059,355030822000684,SP - Sul 2,São Paulo,2,-23.677246,-46.644236,PJ,restaurante,True,False,27025faf9fd4402d864258ba0cd20736bdc882dbf75115bdf6fdc5d2d5253c4e
D-0060,355030822000446,SP - Sul 2,São Paulo,5,-23.686589,-46.658961,PJ,restaurante,True,False,7dd00adb35d3c1ca9d3058477785a65ff589d85db1c1307cbdbb244c30624d31
D-0061,355030859000128,SP - Leste 1,São Paulo,2,-23.522099,-46.499948,PJ,restaurante,True,False,6736a39e707e96a799d6c0871515cd5354667c4ccb62568e601c287af1f5bf6a
D-0062,355030871000293,SP - Sul 2,São Paulo,1,-23.636384,-46.696573,PJ,restaurante,True,True,a0315d3e2b5377707e74054127a3d4b18df6b60978dc09dc2b8bdf057d941e61
D-0063,354870810000079,São Bernardo do Campo,São Bernardo do Campo,2,-23.78877,-46.531063,PJ,restaurante,True,False,7825b53005e0886ea930a3644ec0222fb8ac76967c1c454785054c4e5f260665
D-0064,351380105000581,Diadema,Diadema,2,-23.676193,-46.614612,PJ,restaurante,False,False,c7c3bbb75940bbef4d0044a60181146cdc605ca277547e61ec73033af8106abc
D-0065,355030860000468,SP - Oeste,São Paulo,1,-23.531847,-46.67877,PJ,restaurante,True,False,aac8938b6e7e38a94c01dc130b8751d3d8c2e27d05652ba3bdc8998b36cb72c0
D-0066,354780905000020,Santo André,Santo André,1,-23.663231,-46.526701,PJ,restaurante,True,False,d075c72bbfe66b76a9084a4f456e6a6f1937b77be8be0140d4876b0dfb93a459
D-0067,355030837000435,SP - Leste 2,São Paulo,2,-23.524677,-46.469562,PJ,restaurante,False,False,02456fe6bf45f9e66cf981f127ba6cd8faed28263962b1e795eec3912c937123
D-0068,355030880000245,SP - Leste 1,São Paulo,1,-23.551258,-46.559138,PJ,restaurante,False,False,7d9e9fe43c5e86899b41a7e622efac8b735304f80130dda0bc519a0c21aa7df3
D-0069,355030815000013,SP - Sul 2,São Paulo,2,-23.632539,-46.664557,PJ,restaurante,True,True,014625962b334571e8bf4a8a49a3645d4b48c4a690904318867c94da2620f768
D-0070,355030850000128,SP - Norte 2,São Paulo,2,-23.494547,-46.666866,PJ,restaurante,True,True,a773f750a99436f010476a4393dce67e9efe95f19263b578af9742343a2a3e90
D-0071,354780908000229,Santo André,Santo André,2,-23.643078,-46.497257,PJ,restaurante,True,False,87db7dd2b0e170ca262f7166c233d1ebff53794a584372e029e78931412d1ad9
D-0072,355030868000181,SP - Sul 1,São Paulo,4,-23.654588,-46.609437,PJ,restaurante,True,False,79401f11bd0d1c57c271cb8c34ca7ba0e04870538d7726e540153bd2d1107d03
D-0073,355030845000190,SP - Oeste,São Paulo,1,-23.5621,-46.6632,PJ,restaurante,True,False,c8d04d95d238356c86231001b767c1577ce827cbe063ec780718dae57849d80a
D-0074,355030821000019,SP - Norte 2,São Paulo,2,-23.502739,-46.659353,PJ,restaurante,True,False,7172d4f21f596ee3bd0c349c60ee7df2347a5d400665039e9722596456a45116
D-0075,355030815000211,SP - Sul 2,São Paulo,1,-23.620944,-46.675889,PJ,restaurante,True,False,d5659f241729d87e34e45b0c92b02a601bc92716e0c0c41db703d20cf2077817
D-0076,355030845000256,SP - Oeste,São Paulo,1,-23.560512,-46.666048,PJ,mercado,True,False,a2b938b446b040660b2f7ddecbdf6d07862c6cdb96ad055942d4676c219f35bc
D-0077,355030871000038,SP - Sul 2,São Paulo,2,-23.639403,-46.711002,PJ,mercado,True,False,d2592ee8232a7dfe57634fb5a4f301d31755856549883b3fdab9d8352a2d7cc5
D-0078,355030809000095,SP - Centro,São Paulo,2,-23.530412,-46.63351,PJ,mercado,True,True,ddc4a77e7a0d26e6bd24bd34788d02b72c57a63805bdac64a0cd2e1ace8fcd77
D-0079,351880005001829,Guarulhos,Guarulhos,6,-23.430154,-46.519338,PJ,mercado,True,True,15b087aedce01a9267e78b3501644bd12ceed11658665d1a0077fde26376a989
D-0080,355030868000328,SP - Sul 1,São Paulo,3,-23.616098,-46.602875,PJ,mercado,True,False,8f8d43ed1d273025ad7f7a2931afa99516dc08c3b92bbfd0b95cdb598d4a3e32
D-0081,355030835000168,SP - Oeste,São Paulo,1,-23.603552,-46.6759,PJ,mercado,True,False,410637b264c8fcb239b028dd4dd530ca6da4d5ccf5d444f8e7163de9d314a230
D-0082,355030890000384,SP - Sul 1,São Paulo,1,-23.586082,-46.644857,PJ,mercado,True,True,e0d396e2b1db6bcd3f700e4e3ace54b884c3ebcae7bc85bcf3163e154a0b9e4d
D-0083,355030834000244,SP - Sul 1,São Paulo,1,-23.572856,-46.604322,PJ,mercado,True,False,ef0c8f50b383063c7aec526658675a3b986c602e36c31306aa4dfec6dc878599
D-0084,355030801000032,SP - Leste 1,São Paulo,2,-23.562091,-46.569804,PJ,mercado,True,False,d27c1036774deab48dd1978a5402ebd71846ec5699825b37a9d368f879ac4f14
D-0085,354870805001470,São Bernardo do Campo,São Bernardo do Campo,1,-23.687355,-46.548549,PJ,mercado,True,False,b98d379ef3337ebdc894ee7af1d24a5284f311e657fde058b715a6882071d345
D-0086,355030819000221,SP - Sul 2,São Paulo,2,-23.672747,-46.773639,PJ,mercado,True,False,69bc031b289134b12d623789eeb165072cec889effea7d5ac21802291764c3ce
D-0087,355030826000166,SP - Centro,São Paulo,1,-23.546035,-46.655441,PJ,mercado,True,False,77e8f606b3f3d3fd6d7bef41b7968f67de7f8f00fb9c8851c4178aa8c5282f44
D-0088,355030846000283,SP - Sul 2,São Paulo,2,-23.645803,-46.746999,PJ,mercado,True,True,6402e5dadcd094e4bdf69aee63a474b77446f5461257fdbf0584690b7f372bbe
D-0089,355030895000143,SP - Norte 2,São Paulo,2,-23.483931,-46.742358,PJ,mercado,True,False,65ca41022fe8a977b48ad49c920c48d2ccb6d8e8afd2c07264e4b8ab549d7b06
D-0090,353440105001430,Osasco,Osasco,5,-23.501004,-46.787633,PJ,mercado,True,True,85a46182cf4ab4bb27b660decc0b25b5781a6f33a23c21eab45890eb94723ced
D-0091,355030855000557,SP - Sul 2,São Paulo,5,-23.777447,-46.715611,PJ,mercado,True,False,48fe6f7d5de840a54581695a94abee2d3bb4ce8bb678698297689b3836f82fb3
D-0092,352940105000822,Mauá,Mauá,5,-23.693231,-46.44624,PJ,mercado,True,False,705481e2b7ae01a6c38188f20a0cf0b376ff0d8d677241f4d94dd5b5a5db57b5
D-0093,355030838000697,SP - Sul 1,São Paulo,1,-23.64655,-46.668046,PJ,mercado,True,True,bb29aa3b114d92eb05ac5767427d67bde3eebda2e29791b5bc5fc487e1e7b085
D-0094,353440105001685,Osasco,Osasco,2,-23.559946,-46.786838,PJ,mercado,True,True,80dc4f17c21127ff846023f20e515c63f28cf84d92d27261e4f0e67908e68d73
D-0095,355030890000622,SP - Sul 1,São Paulo,1,-23.594422,-46.649521,PJ,mercado,False,True,7a6a489b0ba662187a6695edb97151036e8ef84b9f4c0c95007fa823023b5d30
D-0096,354870805001116,São Bernardo do Campo,São Bernardo do Campo,1,-23.652712,-46.596094,PJ,mercado,True,False,1ee6e0244f685af447f2da55d057804e1bed0fb04973a02714e4fb834721ecbb
D-0097,355030859000047,SP - Leste 1,São Paulo,2,-23.528615,-46.532115,PJ,mercado,True,False,e548b113b45fb33e1012d1b16821e2d9c35d6d1dab48f41a3eda854d19f228fc
D-0098,355030882000202,SP - Norte 1,São Paulo,1,-23.464053,-46.606595,PJ,mercado,True,True,6201e6e2fbabf45c76e69415f343e14713e49322736cd96b2f5d455fed068c93
D-0099,355030890000661,SP - Sul 1,São Paulo,1,-23.573899,-46.647563,PJ,mercado,True,False,247fd17becc8cfbd2379e2ea973abcba19eab3ad730c85675be145890075ddf5
D-0100,355030837000207,SP - Leste 2,São Paulo,2,-23.518875,-46.461473,PJ,mercado,True,False,6bf8e0af049a2e965d4bc751081529700ad468b9ebc827166ab28d52c1bd1546
D-0101,355030813000201,SP - Norte 2,São Paulo,2,-23.478774,-46.651538,PJ,mercado,True,False,5147e9dd41a4bd233cbb75714056a4b0e87f54b7ba5df294478b5a58d6c58f88
D-0102,355030862000121,SP - Oeste,São Paulo,1,-23.581425,-46.692509,PJ,mercado,True,False,086a8bc366712faed6ce4911e5024b8f5d0f3bb06d34c581360374684250e7c5
D-0103,354780908000006,Santo André,Santo André,2,-23.63683,-46.49591,PJ,mercado,True,True,e0a0665599e20e0ea4397b5c8365d14b80e7ec65811fc29f91f058d72226504d
D-0104,351880005001559,Guarulhos,Guarulhos,2,-23.445275,-46.522806,PJ,mercado,True,True,31157b0818c5c14d57dc9d464617ac7088587ac271134eec7a6f2b7b5fa926b2
D-0105,355030865000105,SP - Oeste,São Paulo,2,-23.588166,-46.769254,PJ,mercado,False,False,f6b48e112e471951a8826b49181a3705461f72f4cc2053b5ad7ee07cfcc4116b
D-0106,355030842000483,SP - Norte 2,São Paulo,2,-23.44216,-46.712548,PJ,mercado,True,True,febf820e946cb6f87e8dc52b8cdaeebb02ce2d23a1d5f6f2ea8e1e5c951e41ca
D-0107,355030860000270,SP - Oeste,São Paulo,1,-23.540294,-46.685469,PJ,mercado,True,False,708d9b216c6c85be89c2a000c3737629bf19f778231d3f9dac97139580129fce
D-0108,355030842000399,SP - Norte 2,São Paulo,2,-23.444105,-46.723988,PJ,mercado,True,True,be97ed62be84acdf3650b38d285a10abacece4c05591c35ca1c7931229bdf18e
D-0109,354780905001693,Santo André,Santo André,1,-23.635452,-46.545528,PJ,mercado,True,True,b9f91d6745dea653cfb05181993336dc45ed6baf5d1cb7110e5ab2b1d9297de9
D-0110,354870805000531,São Bernardo do Campo,São Bernardo do Campo,2,-23.72802,-46.577378,PJ,mercado,True,True,0be0a4ff363eeaebd7070175ebd2f679043ed4be38ab5ad6a3322768e2ff6c19
D-0111,355030877000447,SP - Sul 1,São Paulo,1,-23.604277,-46.643438,PJ,mercado,True,False,10de67ecb75260e37fd5fe93f74381c4a01727482908b5d29877fad1fdf1cba9
D-0112,355030894000216,SP - Oeste,São Paulo,1,-23.587012,-46.745099,PJ,mercado,True,True,d13b73affc9184c0bc4b38f1575e9ef16b4844f64bc34f277e2617efa2add8ab
D-0113,355030855000820,SP - Sul 2,São Paulo,4,-23.869801,-46.676579,PJ,mercado,True,True,75241bce71e298ff765e4e2e98cecd97f33f42ef317c4fc3a94954be63cdb896
D-0114,355030882000084,SP - Norte 1,São Paulo,2,-23.472259,-46.598178,PJ,mercado,True,False,744ce5d52f9bc43989ca8fca35eb5a1abb2b8f3f5c815a7dbd4d9a6954f4ca21
D-0115,354780905000692,Santo André,Santo André,2,-23.700301,-46.532187,PJ,mercado,True,True,650fd13960cd02faa6fff38d237e27c0859cd19d1de2d8f756e93539d224c13b
D-0116,354870805000922,São Bernardo do Campo,São Bernardo do Campo,2,-23.722595,-46.582703,PJ,padaria,True,False,53488938b82669c642ad64bdec7aae6d2742b90962c1ca425b7c20a5d9448141
D-0117,355030857000113,SP - Leste 2,São Paulo,1,-23.564822,-46.458988,PJ,padaria,True,True,32549f56307050f3594e9d3794ca8149bd8683accdf60f916de530e7262ca8dd
D-0118,355030890000570,SP - Sul 1,São Paulo,1,-23.578878,-46.645166,PJ,padaria,True,False,1f8230823be9e64e9e0874a4f3cf5ba13378128469930575e09c6c1dd2f72338
D-0119,355030846000458,SP - Sul 2,São Paulo,2,-23.649916,-46.745344,PJ,padaria,True,False,f123dd3e27c693dcabaecbd295a92aa9ed03a15e4aedd31b2184dc94ebe1ad06
D-0120,355030871000267,SP - Sul 2,São Paulo,1,-23.633329,-46.694454,PJ,padaria,True,False,e19d80b0c17e4eb6183d3ef8546ecd6ca831320f71c60066dafa084b4fba73d9
D-0121,355030836000391,SP - Leste 2,São Paulo,2,-23.51462,-46.386272,PJ,padaria,False,False,60c84d050ff387f16c742f096fb01106a3e4d7b4d6fcbcfca1ba5436a8593ff1
D-0122,355030842000449,SP - Norte 2,São Paulo,2,-23.430387,-46.725239,PJ,padaria,True,False,0af3629bc14004a951636f0b7a1c93baa6764fcf06754b60dbd562e0ad4ad649
D-0123,355030868000542,SP - Sul 1,São Paulo,2,-23.611981,-46.597106,PJ,padaria,False,False,f48c32dda12ac088e3e44018c1d7ea32bd8aeed110243ab7fa5b98021b621942
D-0124,355030880000255,SP - Leste 1,São Paulo,1,-23.533732,-46.582348,PJ,padaria,True,True,53a168c12c5a55105ed64962ed004e0e63b16bd9c123cf615e7d16afe1b99750
D-0125,354780905001085,Santo André,Santo André,2,-23.670314,-46.544009,PJ,padaria,True,True,40521cd14dcc1290407517dfd07af7dea944bf585263027990a5d3c592d53e65
D-0126,355030875000111,SP - Leste 2,São Paulo,3,-23.63629,-46.445033,PJ,padaria,False,True,c5627102287b18a055c29d2eaccd9b1dfa190fdbab56e280d06810592952664b
D-0127,355030860000460,SP - Oeste,São Paulo,1,-23.533591,-46.684974,PJ,padaria,False,False,240856278a899ae7a42a21e258980e76e571e167bc868f0f977b35a94819610b
D-0128,355030827000131,SP - Sul 1,São Paulo,1,-23.599589,-46.622025,PJ,padaria,False,True,774240ff0e620a4b4804227fab8a698dbcaffde2d6901f946b637ac401083db8
D-0129,355030827000199,SP - Sul 1,São Paulo,1,-23.625147,-46.624747,PJ,padaria,False,False,0d60a8463b32b736d825dc7c5e1ffd2dca43a7dc820a3b2cbd9814ce856910ad
D-0130,355030801000169,SP - Leste 1,São Paulo,1,-23.559558,-46.580597,PJ,padaria,False,False,d7b9f2de5c0bf84550629b84fcd8403564ce0434c4943aa8b78bbd2a3d25727c
D-0131,355030838000342,SP - Sul 1,São Paulo,2,-23.646737,-46.651239,PJ,padaria,False,False,5036c415bb60ea14ed14aeb6aef385f2fd43e800b943f4334d6d8dd9d7cf4b7c
D-0132,355030843000001,SP - Sul 2,São Paulo,5,-23.714449,-46.777033,PJ,padaria,True,False,605e735c0a4bcc8056874319a8891cfeb5232328b45c3fb331bd9b16df05bc16
D-0133,355030832000138,SP - Sul 1,São Paulo,1,-23.595489,-46.66907,PJ,padaria,False,False,74c70deef4d2729f296757512fa221eeb6810dc2021487e28cc91aa403574964
D-0134,355030834000203,SP - Sul 1,São Paulo,1,-23.57521,-46.605634,PJ,padaria,True,True,58b0fc0a4f8ba3f7aa1b7dea00b0420c16a043ac2de03c378d823933af11f52c
D-0135,355030871000268,SP - Sul 2,São Paulo,2,-23.646554,-46.707746,PJ,padaria,True,False,215b8e761fb7af8241291b880deb0b0668fef4524588491675803da5acb07743
D-0136,355030821000098,SP - Norte 2,São Paulo,2,-23.486018,-46.661769,PJ,padaria,True,False,b7e8ce6cd31900f7a0cae253b0de96124838377b5bab3d7f210308de1eaa71a7
D-0137,355030838000112,SP - Sul 1,São Paulo,6,-23.6627,-46.655164,PJ,padaria,False,False,2fab4a39e4f12a099d5627b04a120edcc424dc92d8b73727ab9b8bccb1917c18
D-0138,354780905000205,Santo André,Santo André,2,-23.657021,-46.55686,PJ,padaria,False,False,c99c6ea33badb2946b6eb0744a31581dc1322863a9da8ffd0767441601e9dec9
D-0139,355030895000255,SP - Norte 2,São Paulo,1,-23.499912,-46.744085,PJ,padaria,True,False,83b537a60c99961e1308d8fd4747b5a59b1478b372d6ac629c73f5a463c718ff
D-0140,355030875000289,SP - Leste 2,São Paulo,2,-23.639874,-46.453035,PJ,padaria,False,True,80ac66016ff5594d8e84372a3ea754846a6b993984ed7fc74276d89b595438d7
D-0141,355030859000034,SP - Leste 1,São Paulo,2,-23.527603,-46.522556,PJ,padaria,False,False,a70c40b1bf3f73b64f57789b103f257cba78e98823c84ce4c857f397fc19d99e
D-0142,355030826000219,SP - Centro,São Paulo,1,-23.550911,-46.652564,PJ,padaria,True,False,bf8c392ddf39b21b504731e0b4f1b8f08613789b78f8c6af6c945a3e49eb61c2
D-0143,355030807000243,SP - Centro,São Paulo,3,-23.552875,-46.647652,PJ,padaria,True,False,c80f870b0c54c70c9f2dfeb7a50f1d455419e3d09e82e5a146a16b705d8630d5
D-0144,354780905000028,Santo André,Santo André,1,-23.661172,-46.538131,PJ,padaria,True,False,ee496067a5661866b7cc2050714344e105d9d0db7ca1bcd3244de36f6cc99185
D-0145,354780905001054,Santo André,Santo André,2,-23.667765,-46.548927,PJ,padaria,False,False,860dec8bda5f26f45a3440b66ef8198ae8cb4a7c44196ac36c493755b9644569
D-0146,355030875000099,SP - Leste 2,São Paulo,2,-23.62549,-46.446428,PJ,padaria,True,False,75971bfedbc9bea23efc626eb6d2243c04d9deff335044ceacd62bc59c3ca1c6
D-0147,354870805001546,São Bernardo do Campo,São Bernardo do Campo,5,-23.745302,-46.577326,PJ,padaria,False,False,8c913a5785b88abcbbcb139ec5ef0744d9e25c59d434597c7a5f7fbb85d7a5ed
D-0148,355030891000195,SP - Leste 1,São Paulo,2,-23.545877,-46.523399,PJ,padaria,True,True,bb16c0e88992e3614b142af86c6da8a7517f8427de2a6d18ba6b46c313f0db2a
D-0149,355030816000006,SP - Sul 2,São Paulo,2,-23.680548,-46.681855,PJ,padaria,False,False,df15709e87b88cbb5d780f85a3f501a4c676d727fcc971ec708030595f5160aa
D-0150,355030824000222,SP - Leste 2,São Paulo,5,-23.559682,-46.484537,PJ,padaria,True,True,89d815c6580263c1bdb955012b44a08d05ab707bc19cf3857a587b95941f9775
D-0151,352940105000733,Mauá,Mauá,2,-23.681109,-46.439965,PJ,padaria,False,True,d65068cc791169d49e1f2f2a36009aa9f1ec3c7225f482516c2a5af70973e95d
D-0152,355030891000245,SP - Leste 1,São Paulo,2,-23.540351,-46.497306,PJ,padaria,True,False,5710f2cbeb9fd2b19dfeec684caf7bab2811bcc105f8913e1168cf3b0adffbb6
D-0153,355030890000438,SP - Sul 1,São Paulo,1,-23.585264,-46.641713,PJ,padaria,True,False,39aa34cfa68698303738967b840b112b0994251398848e582a47503a8bb346af
D-0154,355030828000111,SP - Leste 2,São Paulo,3,-23.49556,-46.495725,PJ,padaria,False,False,dbb9b077240d1c40ce2f15b571e7d0becc0cd90ff7a95a3866838b5a5f6ef6b5
D-0155,355030826000261,SP - Centro,São Paulo,1,-23.549458,-46.648762,PJ,padaria,False,False,6fa0423ea0f5267fee358ad6d41f9fafbbb9e39238e723472808ab2d10d3f204
D-0156,352940105000998,Mauá,Mauá,3,-23.679789,-46.440493,PJ,hortifruti,False,False,18c632f15a74b961de52edb257058baa8f72cd5870619f7fc7d4b002d788c448
D-0157,355030802000160,SP - Oeste,São Paulo,1,-23.542668,-46.717709,PJ,hortifruti,False,False,9c04d957cb38321c697fa1c974a57817cf2a2d880b0887391b9de6bb34d827ed
D-0158,355030870000065,SP - Norte 1,São Paulo,2,-23.501618,-46.634115,PJ,hortifruti,False,False,19733dd1ff4856d698c18c64ea1109c06f77b71fb7f859aa176580382f752334
D-0159,355030851000239,SP - Norte 1,São Paulo,2,-23.47971,-46.641538,PJ,hortifruti,False,False,0f666d6511c09be57ac4d527873a205d4a4c5e811083bebda4613581a52c637f
D-0160,355030894000010,SP - Oeste,São Paulo,2,-23.605395,-46.73983,PJ,hortifruti,False,True,b665cb95763661e438f479887a2cbb59b48ebbba68f4e72f836635f2ce46f8cb
D-0161,351880005001037,Guarulhos,Guarulhos,2,-23.447597,-46.541433,PJ,hortifruti,False,True,c05cf2a2517a3a662110893b00ab7391c261f9098891fb9235e4f58849609e64
D-0162,354780905001455,Santo André,Santo André,1,-23.65714,-46.539266,PJ,hortifruti,True,False,5bd6cdc9d4943bbd0c4bcaf2008f5b0bdfa7bf88bf24d70b9b0464fcdf77bdac
D-0163,355030844000103,SP - Leste 2,São Paulo,4,-23.492579,-46.406439,PJ,hortifruti,False,False,488a191712acc4af43f4e59595ea79efd31e0b1d5a67acd6ecd4b97eedc3b973
D-0164,355030893000050,SP - Leste 1,São Paulo,2,-23.598916,-46.572852,PJ,hortifruti,True,False,012e38b288dc9ca58777b25cfd237fa73cccc33f2f6e881073a0509e10c6d199
D-0165,354780905001482,Santo André,Santo André,2,-23.688845,-46.539157,PJ,hortifruti,False,False,daba920dbffb74c3011bb000e6cef24a6d24727e255ebc28699dfcecab464d3d
D-0166,355030882000085,SP - Norte 1,São Paulo,2,-23.469688,-46.595747,PJ,hortifruti,False,False,3ce28f1d05cb5d1ea7050e4363bfa4ae4ae1cef3f7d46be6b458f0f38d0f7d14
D-0167,355030851000245,SP - Norte 1,São Paulo,2,-23.47398,-46.649542,PJ,hortifruti,False,True,66a4597d5326121240c34ba2fa3d928f8b07571aca49f886d7ba44867593321f
D-0168,355030843000634,SP - Sul 2,São Paulo,6,-23.727776,-46.788783,PJ,hortifruti,False,True,2aa287540071e9e0e800d164ecdc865b57d779a0054fe5b28bcc4ed7031816ad
D-0169,355030804000179,SP - Leste 1,São Paulo,2,-23.582932,-46.507876,PJ,hortifruti,True,True,e2051dbbcf9d48555cc5456cfdebe7850a0f851980acd1668541a84a798dd8fa
D-0170,354870805001016,São Bernardo do Campo,São Bernardo do Campo,2,-23.732529,-46.569943,PJ,hortifruti,False,True,def792ed1765209550a8506a4a5b4064c94bb5f666c6c92a3b6b5d56e47bfe91
D-0171,354870805000288,São Bernardo do Campo,São Bernardo do Campo,2,-23.67643,-46.576666,PJ,hortifruti,True,True,12200199d0932456410e5535f4169dbaeb07d7339fc3a036d7d3629a74313882
D-0172,355030891000169,SP - Leste 1,São Paulo,3,-23.54489,-46.517967,PJ,hortifruti,True,False,aba2a9e4594dd4330609bd8df9bc24c1b9c70e93361f4c300429ec31e8e01de5
D-0173,355030841000028,SP - Oeste,São Paulo,1,-23.548576,-46.750152,PJ,hortifruti,True,True,f1c3928e05cba90b58332ea47f343174d9f0482b731da8b61985403dbe9bf724
D-0174,355030887000028,SP - Leste 2,São Paulo,3,-23.503713,-46.464208,PJ,hortifruti,True,True,ba879c9e9620e1faa186431792afaae8a206333b992a432726c2cdceeee09270
D-0175,355030867000031,SP - Oeste,São Paulo,2,-23.573348,-46.763113,PJ,hortifruti,False,False,f40ffc3c2a33cddfcb77e56c615e7d6904c5f8af45cbfccb0eab7504508f4dab
D-0176,353440105000777,Osasco,Osasco,2,-23.572771,-46.788737,PJ,hortifruti,False,False,9678fdb85611f25b86acb7c30de9e53ae17cc45d02c2ecc1af75219e906a9565
D-0177,355030878000080,SP - Centro,São Paulo,3,-23.551637,-46.627984,PJ,hortifruti,False,True,03bf809d45a4ac788df3285b3a05ee3bcff3aaf826d75f0d5fc5f455ffd6c677
D-0178,354780908000186,Santo André,Santo André,1,-23.651684,-46.510949,PJ,hortifruti,True,False,600f0a78a3f67a9003ce28eaba8cb9d3d2dc2c63c09e08d4b66ed956fc66f990
D-0179,355030845000184,SP - Oeste,São Paulo,1,-23.555085,-46.680502,PJ,hortifruti,True,False,aae0084880b8b640ad9d59aa92f9a38cf02bdbd489c0c9e19ff99c805b005c9b
D-0180,353440105001893,Osasco,Osasco,6,-23.495509,-46.808649,PJ,hortifruti,False,False,19cf3294608071417c88b83d04d9967ced84fab78f53f07f760130b50326afaf
D-0181,355030832000395,SP - Sul 1,São Paulo,2,-23.614052,-46.660658,PJ,industria,True,False,2d6b84faf2962f66f34827530553753a406e91a05ea985ea50dd66dfe2542650
D-0182,351880005001440,Guarulhos,Guarulhos,2,-23.419637,-46.535137,PJ,industria,True,True,28d20892b225292884671d318f9b1c5f04aa4934cb3f1a9d2d3273b5738aa11d
D-0183,351880010000308,Guarulhos,Guarulhos,2,-23.443286,-46.438989,PJ,industria,True,False,f1730df42213ddd996c4208eb54df3238c6aa838c90685e4ec10da95936d0e42
D-0184,355030812000023,SP - Oeste,São Paulo,1,-23.568537,-46.727601,PJ,industria,True,True,370ce7bc40282df0bcd82c17393fb0bb03b8edb647500fa60813094c3afcff38
D-0185,354870805001692,São Bernardo do Campo,São Bernardo do Campo,1,-23.706427,-46.55064,PJ,industria,True,False,a11d5267063ad2e67a1c52da96570efe4a5c3479d80880b98b1a4d69253c26ba
D-0186,355030834000241,SP - Sul 1,São Paulo,2,-23.577382,-46.602217,PJ,industria,True,False,0819909fab3e67253f2feb6d477d682b47fa044e92a10ae3e1f16f08c31b3703
D-0187,355030851000071,SP - Norte 1,São Paulo,3,-23.484013,-46.636957,PJ,industria,True,True,e407e0e7195af07c4ba7a1e6ece043b17ffe8fd19354fb598734e13cce1ce156
D-0188,355030839000163,SP - Norte 1,São Paulo,1,-23.463921,-46.583385,PJ,industria,True,True,2f8ea389088bd2b33314d12e39c7a2949e1c2f51b0bd91f97df4a019d3f99ed3
D-0189,355030866000267,SP - Centro,São Paulo,2,-23.546809,-46.645753,PJ,industria,True,False,f8e24f47c5fb1f157d341e6139b8eaaf162528886bccf7d223e8d7a65117014f
D-0190,355030811000503,SP - Norte 2,São Paulo,2,-23.468943,-46.673232,PJ,industria,True,False,8d099046e1d2c6efa38e39d0245048adfce37d5a9a836c8493b5fdbdda7a4f39
D-0191,355030890000573,SP - Sul 1,São Paulo,1,-23.576925,-46.642529,PJ,industria,True,True,75566d0cf6c0b52bd04f2c2cbf421bb0a70d8cd22b9e43ae4caa71cf3abf9e9e
D-0192,355030853000145,SP - Leste 1,São Paulo,2,-23.567948,-46.590979,PJ,industria,True,False,e088303c3739f74076f677b3461a0614bb4d6cad3acdb0f3a2a7f04fc4c0a7d6
D-0193,355030819000139,SP - Sul 2,São Paulo,2,-23.664227,-46.791616,PJ,industria,True,False,3b5dc423c37bcfe11aae2ac8595a2bef8f70e5924c852440c8627a5aa000f52f
D-0194,354780905001058,Santo André,Santo André,2,-23.668975,-46.526548,PJ,industria,False,True,f1beea8e416d57838b5b756285da342d2b556cdf3d90c72cf199f18d8cd3cf32
D-0195,355030807000206,SP - Centro,São Paulo,1,-23.566482,-46.642263,PJ,industria,True,True,2ed4a7a9873f6d11fdcf52e3f79716d1a77266deaec10de619db126eee191b5f
D-0196,355030866000038,SP - Centro,São Paulo,2,-23.542054,-46.639505,PJ,industria,True,True,93d7af342c834df424113c57e31d0cb056307c5d3c8cdaf62f0f37f140a17c51
D-0197,355030867000254,SP - Oeste,São Paulo,1,-23.554456,-46.759173,PJ,industria,True,False,dbd22a9836dd8a8703dead95ecd5dae0334d2e18d4a5357338d19259432001d2
D-0198,355030806000017,SP - Oeste,São Paulo,2,-23.530478,-46.675685,PJ,industria,True,True,4486550b6c34ea7c850d79a93ef8fc6fdd2b07a99176103993a48f5ffe324397
D-0199,355030842000110,SP - Norte 2,São Paulo,4,-23.433863,-46.726884,PJ,industria,True,False,ce25e2516a94310fb07ef6ab4364b83b06ff961622a1e4b76291b5a37b5652cb
D-0200,355030890000336,SP - Sul 1,São Paulo,1,-23.587486,-46.624129,PJ,industria,True,True,0d90a689b74dd03567c71dd2d1b179661774630ddd2a3f0e8b9f7ea480fa574a
D-0201,355030896000343,SP - Leste 2,São Paulo,4,-23.521865,-46.388375,PJ,industria,True,False,b5e2e89f2985f292480bd7803960ce83093aeae80aac171a00648e9b2bded620
D-0202,355030801000075,SP - Leste 1,São Paulo,2,-23.574629,-46.576675,PJ,industria,True,True,724fb804f79c4b559985f575e923fdac79226a79c36b510616cbb8421431c94b
D-0203,353440105001646,Osasco,Osasco,3,-23.572951,-46.803425,PJ,industria,True,True,dc19cfc496e34c145f85ebdf4b162e99633cba9a6344ae269d50bf057a8ed07e
D-0204,354870805000742,São Bernardo do Campo,São Bernardo do Campo,2,-23.659047,-46.598056,PJ,industria,True,False,fb351238b5a837bd54cd064ebd559dc99f50bf2c2ce047ff99e0dadea30cfad9
D-0205,355030851000234,SP - Norte 1,São Paulo,2,-23.485439,-46.652501,PJ,industria,True,True,cacea111d3de2aa6a53a615d3945fe4c7aaa9a4da3cc68583bedc826cb26580d
D-0206,355030817000275,SP - Sul 2,São Paulo,2,-23.635505,-46.750916,PJ,industria,False,False,998976342a5569655cd66fe94a07d3ca83a1ccf35c8b0fd39be048e724919540
D-0207,354780905001459,Santo André,Santo André,2,-23.665594,-46.526463,PJ,industria,True,False,6a5405f490aae270adfe23ca282a5b7bd9221e6a82a8c1c9bf711ae337a1dc25
D-0208,355030842000718,SP - Norte 2,São Paulo,2,-23.455255,-46.74535,PJ,industria,True,False,d45a27bf68f7ea141140b9b6b7cdc4c613b8f3ca023e470a78770f26b5142cb9
D-0209,355030851000258,SP - Norte 1,São Paulo,2,-23.468748,-46.637209,PJ,industria,True,False,17ec3b3aca69f7bf97b4c4ab383e841defe6d16a8ec2a99e90a7218e257c024f
D-0210,355030835000177,SP - Oeste,São Paulo,1,-23.581105,-46.674734,PJ,industria,True,True,d3c8840b3425b954d33487b3da752a94d1057b1a00edba985d2b4caf1d33bf1e
D-0211,354780908000075,Santo André,Santo André,2,-23.626511,-46.488709,PF,pf,False,True,6d46417e5f32a323c188f16dce08bd3ba4f00b6fe32f3511c9bdc7cc84fa4679
D-0212,355030817000349,SP - Sul 2,São Paulo,3,-23.635164,-46.752133,PF,pf,False,False,0199b6549a261da50813aae869b6c9fadcfe2678b44cf1b9262b9da2c403845b
D-0213,355030816000065,SP - Sul 2,São Paulo,2,-23.691115,-46.681116,PF,pf,False,True,3d8c278134721363c4ea49c25a3953c1f2de1788c86961915e7c6322740d3c28
D-0214,355030830000835,SP - Sul 2,São Paulo,5,-23.758206,-46.677132,PF,pf,False,True,2dfcf5148bb32bcbf6eac748f40a4dae1dc4f88adf778ba5e8c71cc824d9a6f9
D-0215,354870805001427,São Bernardo do Campo,São Bernardo do Campo,1,-23.714377,-46.546605,PF,pf,False,False,89742e2c4f9c07981bbe07068ab95117fc1b8d83326e5268203600034668b50a
D-0216,355030891000145,SP - Leste 1,São Paulo,1,-23.542182,-46.510647,PF,pf,False,True,4f013d297696a2f5bf55bcb3e5465367b8b0a824e6dd30ad6d8e96a637367a6b
D-0217,354780905001546,Santo André,Santo André,2,-23.631495,-46.517586,PF,pf,False,True,66f81722ec44a50e73a68bcca8e5d45615e6de35391e2e161ed970289844188e
D-0218,355030816000081,SP - Sul 2,São Paulo,1,-23.657847,-46.683296,PF,pf,False,False,a047d73f0cda9bee65645b8b3b9439a69f5cee693d7dc4cf55c6ef709ff83929
D-0219,355030825000362,SP - Leste 2,São Paulo,5,-23.589305,-46.381663,PF,pf,False,False,465d50bf48629026f28db4631f21be9e7ef85591dfd5030b023101cc6eb2912e
D-0220,355030838000082,SP - Sul 1,São Paulo,2,-23.644074,-46.653395,PF,pf,False,True,a48b2f6f4b7fea4e72ad3c710895cdc4ec2bf948eca601d3543ca4b463ac97b2
D-0221,355030822000383,SP - Sul 2,São Paulo,2,-23.674772,-46.658179,PF,pf,False,True,f64016194ea2b15ae447d8886f5d5d3bbd856f4d4e481630a1986825ff4f1b53
D-0222,355030830000905,SP - Sul 2,São Paulo,3,-23.779801,-46.673892,PF,pf,False,True,1c1b651fd30416e3914b7e432de5ea518df179c7256b8b7fe18514f89337b225
D-0223,355030861000268,SP - Norte 2,São Paulo,3,-23.431107,-46.751591,PF,pf,False,True,070d40c81f0e33712f74e8fabebb79c94547cda50af08d9dadec999a5c1af5f8
D-0224,355030807000116,SP - Centro,São Paulo,2,-23.553607,-46.648383,PF,pf,False,False,1a11c4d96ceecbaac58d53dc59221e855961652414e3f3c858df9171c48d97e0
D-0225,355030894000087,SP - Oeste,São Paulo,2,-23.597709,-46.72719,PF,pf,False,False,0c6a18d966b62b427463410dff28cc034ca40abc99094bfcf4bfcbcc8c909a21
D-0226,351880010000395,Guarulhos,Guarulhos,5,-23.439751,-46.420274,PF,pf,False,True,b9ab98410016c3ffe926df39c392f2952437b0b18d58e6af7a19d339b3d563f3
D-0227,354780905001511,Santo André,Santo André,6,-23.711661,-46.519192,PF,pf,False,True,df210b180db753c8a63b80a7aac842cd8c1c269d5e8d1dab7210c80deb54b349
D-0228,355030815000059,SP - Sul 2,São Paulo,1,-23.623785,-46.663327,PF,pf,False,False,1fdff225be1a5077ddefeb57d9552b5694dafde9f790b2927ca35eb0854805d9
D-0229,354880705000542,São Caetano do Sul,São Caetano do Sul,2,-23.636574,-46.573775,PF,pf,False,True,d6ce3340f914db98f1628310d8a6dd96565687b9fcf9225e64a368d48d77b5ec
D-0230,354870805001454,São Bernardo do Campo,São Bernardo do Campo,1,-23.690495,-46.550312,PF,pf,False,True,56ce78526a7d097504178a205fe53dfba6b24ec64303361b8aefd53d1910fee2
D-0231,355030816000147,SP - Sul 2,São Paulo,2,-23.691762,-46.680575,PF,pf,False,True,c762e8aabdad45ee6bc37d596bf6e15ce785d254c24744281c5918a379fa50bc
D-0232,352940105000449,Mauá,Mauá,4,-23.693117,-46.443358,PF,pf,False,False,a7ea2d4ad1fdd409c166d9e8875293d602b033b791918861a3fa974173b72936
D-0233,355030809000032,SP - Centro,São Paulo,2,-23.536467,-46.626902,PF,pf,False,True,0698c64e18006463ee413242d20da40743c75e2f60a3ad79b88eb99e5deb9d1e
D-0234,355030813000162,SP - Norte 2,São Paulo,3,-23.472554,-46.65322,PF,pf,False,False,904b826577c80f98a5b056559744d4c7835e8c583ad779805c5a7cb9e5c7456d
D-0235,355030875000176,SP - Leste 2,São Paulo,6,-23.622549,-46.444378,PF,pf,False,True,a233489539d7e8f1f54e4382361dd11aa8b3309fc14ebca3d36a34271777154b
D-0236,354780905000740,Santo André,Santo André,2,-23.619912,-46.532167,PF,pf,False,False,870bb213a6ffe457199cd20f0e18bd5768e871a609cc6e6b48c274f4093e83cb
D-0237,355030834000356,SP - Sul 1,São Paulo,3,-23.600485,-46.593122,PF,pf,False,True,b5ef1948e5642ecaf046eee9f3a63610a7bb0536cc30545da68f9d05626b328a
D-0238,355030855000134,SP - Sul 2,São Paulo,3,-23.813744,-46.736965,PF,pf,False,True,733a5a8162cf0ff992fabbfde5fcf66fc222e9a4ccf02732c40aa58370e39c67
D-0239,355030831000001,SP - Leste 2,São Paulo,2,-23.552346,-46.410612,PF,pf,False,True,bc6c0b152ffde404f2a49e220dbfff03f22d5fe67f74dfb76deb2df2e7f3813c
D-0240,351880005000721,Guarulhos,Guarulhos,4,-23.40334,-46.468866,PF,pf,False,True,c66499a88bc1a0f2fd17d72acc3599029048cec6d3a6ad5eda77f96b40313b64
D-0241,355030847000033,SP - Leste 2,São Paulo,2,-23.553431,-46.435667,PF,pf,False,True,27a65da2118f74d868c752994f425f4202df4030a6693739b1362ba37ff3d1c1
D-0242,354870805001463,São Bernardo do Campo,São Bernardo do Campo,1,-23.687099,-46.548487,PF,pf,False,True,18e504e111a15723b187bcc1acf63885a33ab65c90715082457126e6cc729169
D-0243,355030867000067,SP - Oeste,São Paulo,1,-23.55725,-46.760006,PF,pf,False,True,95659d7223906476877f785af8361231990e36cfbd1ce6597cf5ee2d045f6fec
D-0244,355030894000296,SP - Oeste,São Paulo,1,-23.613151,-46.738151,PF,pf,False,True,202cffba3288972a9fc4adb8d4644621bc33cc9a52dbe700c6043645010c3eee
D-0245,355030830001652,SP - Sul 2,São Paulo,5,-23.81401,-46.664367,PF,pf,False,False,f26eeaff858afbba48dbae43605da2901fb78494cf7ac49afd8087321375d03b
D-0246,351880005001281,Guarulhos,Guarulhos,2,-23.477446,-46.539114,PF,pf,False,True,5aad952699fd925317a74db5b447153cafde700002b812bc28beb55eb8665e86
D-0247,355030864000130,SP - Leste 2,São Paulo,2,-23.516762,-46.512864,PF,pf,False,False,b3dcfd6306766d116a4ed82d8b164b71a8c27f4f53c29d7c2f1076dd67de7275
D-0248,355030877000623,SP - Sul 1,São Paulo,1,-23.600675,-46.627276,PF,pf,False,False,3ef0492bdb1ca074efda2f6d7e36b3092080b379aae7f08164eb6868627820f5
D-0249,355030801000034,SP - Leste 1,São Paulo,2,-23.563989,-46.565459,PF,pf,False,True,24920a359a4c1e24f941f0c1f32630e051d981ad70d97253a8e8f188601978de
D-0250,355030857000086,SP - Leste 2,São Paulo,6,-23.596327,-46.458893,PF,pf,False,False,bbb4e2a32d0febcac7804df3aeb8cb6cf78eaf75a44cda345085e2876bde8f24
D-0251,351380105000534,Diadema,Diadema,2,-23.681926,-46.625185,PF,pf,False,False,a9bdb91fbe267660406dcb8fc613dfb57bb5ddbbc6b45d4428a7334f111197ba
D-0252,352940105000249,Mauá,Mauá,2,-23.69189,-46.461008,PF,pf,False,False,fa7827df05ca98b23fef7b6de26d12e7b0f46e5ee4eb4c311d4239aef8af8c22
D-0253,355030868000378,SP - Sul 1,São Paulo,2,-23.633466,-46.590697,PF,pf,False,True,31c37838d2db62b92c3fd7a591eb15651eb30b8d0333417b2a32c6d94c173c31
D-0254,351380105000986,Diadema,Diadema,6,-23.715081,-46.608312,PF,pf,False,True,7a47f38d6dd10973457ca9fd0b0fe154d8d061f9de46266f389bac785f3137e6
D-0255,355030884000279,SP - Leste 2,São Paulo,2,-23.506616,-46.405814,PF,pf,False,True,2ffdd08c981155c03c789b5e9630b369bba8e0479843989c86a49df509f0c753
D-0256,355030838000769,SP - Sul 1,São Paulo,6,-23.642255,-46.663301,PF,pf,False,True,79ea3501b946bfee901fca398f2f55037edd35a106723b9a8a9aa565b71f8a1f
D-0257,351880005000718,Guarulhos,Guarulhos,5,-23.407174,-46.468774,PF,pf,False,False,187e1b6987de55dc43bae4b161ba4865d28ce5ad32b724ae32999c8c8229a132
D-0258,355030823000064,SP - Sul 2,São Paulo,2,-23.708887,-46.698043,PF,pf,False,False,b21343557763ddb0f2f5e031a37d302ecc42afb758caed416c391374bc5ecffb
D-0259,355030851000200,SP - Norte 1,São Paulo,2,-23.457563,-46.646906,PF,pf,False,True,330c0267ae20f5f0c27658445881ad4119b9166f75fd541b4021952a64eef7f9
D-0260,355030817000576,SP - Sul 2,São Paulo,3,-23.629331,-46.750704,PF,pf,False,False,7f5acc4c975135625cca0229878512eefa7fd9ec64d83bc185651e07caecda36
D-0261,355030877000475,SP - Sul 1,São Paulo,1,-23.628609,-46.636137,PF,pf,False,True,151ccb527db40e220cfbf6250e89369bf5e338bdbcbf7f7ee1e59f655301025b
D-0262,355030859000087,SP - Leste 1,São Paulo,2,-23.520088,-46.536996,PF,pf,False,False,3bc5a090d789f0fd8a16d2ffdfef8830c6cc408844b18d4751119009b1e6c82d
D-0263,355030871000157,SP - Sul 2,São Paulo,1,-23.63356,-46.689436,PF,pf,False,True,1b86ec63bcca40c85592f2f036df2fdd8e759941edbe864b8c5bd5b90f895b2d
D-0264,355030822000456,SP - Sul 2,São Paulo,2,-23.669624,-46.668948,PF,pf,False,False,0f687910190c96f9b0da683b99480573a2494bdfda0a9383bce66041436d4bda
D-0265,355030805000148,SP - Leste 1,São Paulo,2,-23.540719,-46.486015,PF,pf,False,False,c0174d8f8c70d9040a26d419608ee1d026a874fafedf13db016680b0fd52eeb2
D-0266,353440105001207,Osasco,Osasco,2,-23.525676,-46.768888,PF,pf,False,True,cbfbd7c0086239e5ed8ebaea7ffd2704020c4ae8f66c264a97206b6b55820239
D-0267,351380105000575,Diadema,Diadema,2,-23.670286,-46.612617,PF,pf,False,True,29582d7a0fc815e4c7aba0c777891aa767ccedd21b182b3cdc791563dd67b82f
D-0268,355030830000873,SP - Sul 2,São Paulo,6,-23.78787,-46.679029,PF,pf,False,False,666ffc745883081df180ec275785b85f2fc7cd93696c927c0d43119c55d8672a
D-0269,353440105000637,Osasco,Osasco,6,-23.557891,-46.811319,PF,pf,False,True,84fe136d5ce15076ccb1ad3e11c850eec21f7d9be87837ba97425c0c35a26054
D-0270,354880705000495,São Caetano do Sul,São Caetano do Sul,1,-23.621524,-46.558747,PF,pf,False,True,dd884df2c3a52a2cee331dde4dd2b5bbf073f77c4ba9068c8811d32934cdcf4a
D-0271,353440105000321,Osasco,Osasco,2,-23.514504,-46.766447,PF,pf,False,False,ffc7352211ac0d8ee837abebfc8a49d8f8d36ab02ad6b07d18182da123fa64a6
D-0272,355030831000229,SP - Leste 2,São Paulo,5,-23.559824,-46.418013,PF,pf,False,True,bd5c09355c0ce333badad30ffb7b0092dbbcf4c04f957134e06d796dda3d6c14
D-0273,355030872000138,SP - Leste 1,São Paulo,5,-23.608607,-46.535724,PF,pf,False,True,b532ad102a205a57b2e61cea91f723533bf404a5db2fd13e4602cc5eb4c4508d
D-0274,355030863000049,SP - Norte 2,São Paulo,2,-23.476197,-46.722263,PF,pf,False,True,f178119228ea6d38aa6182e29e45a7b7464dcb83486bf399e691c9eaf61820b7
D-0275,355030812000106,SP - Oeste,São Paulo,2,-23.579961,-46.735721,PF,pf,False,True,ebc3be1efd6d4dfea938f596cb4bc2d03cd214b7d69cb08c8cb2f309c4e1b6f9
D-0276,355030837000442,SP - Leste 2,São Paulo,2,-23.533203,-46.437526,PF,pf,False,False,e7fcdc57ada0fa8df83266adbce2f7cb6e1c66644f02f1cf5d249bab569d7548
D-0277,351880010000826,Guarulhos,Guarulhos,3,-23.441149,-46.39709,PF,pf,False,True,24cdb6a4e6e2fb2b1d05c7eeaac118991bb99e3c1f4812f4f47a17cf3477dd0d
D-0278,355030865000266,SP - Oeste,São Paulo,3,-23.601415,-46.784903,PF,pf,False,True,7c777b7b3cb599703cc0a0892c1962a93b34c23eeccaf8b9e092746728af2a6a
D-0279,355030875000091,SP - Leste 2,São Paulo,3,-23.616335,-46.457957,PF,pf,False,True,dc2bc0143617f8538e149148edece5dd46beaeb7240cf005f8348581032bd65d
D-0280,354780905000066,Santo André,Santo André,1,-23.651313,-46.536478,PF,pf,False,False,cdf0825823a3a024decb3b303985abcfa489675b562fcb5a59bd14dd8bd006ed
D-0281,355030830001613,SP - Sul 2,São Paulo,5,-23.751149,-46.685156,PF,pf,False,True,415b91af44990ae56a67e4863c5d7d585c9bfbaf7167c818bdb3a0093294a45b
D-0282,355030805000242,SP - Leste 1,São Paulo,2,-23.549858,-46.495073,PF,pf,False,False,e40718ad12702b0eff1e00773f0d6f66c2687d803e877e177bb1b1ccf349e6ed
D-0283,355030811000118,SP - Norte 2,São Paulo,6,-23.476492,-46.677241,PF,pf,False,False,9c3ac8142608ca1583b7dc015ca1134d3739a611f9a8cbf263bf69960c8091db
D-0284,355030845000180,SP - Oeste,São Paulo,1,-23.557132,-46.67898,PF,pf,False,False,cc636233d261f15e18b7886ced8286e5346bd37c891070d2e16e736f14d47fab
D-0285,355030892000124,SP - Norte 1,São Paulo,3,-23.491839,-46.586341,PF,pf,False,False,ece8a7c22bdae7e6164732bfb9605120510ba8a3d167083c4b25d0d4d27d0cd1
D-0286,355030816000021,SP - Sul 2,São Paulo,2,-23.676117,-46.691403,PF,pf,False,False,d71e76bbc76de35484abca2a83d029cd830407914d621a1834668c8e45019ed3
D-0287,355030880000025,SP - Leste 1,São Paulo,2,-23.533225,-46.567339,PF,pf,False,False,ecc7420c1986029d780b8ded366aab1e3830f4151173d3605ee4278c4733a265
D-0288,353440105001760,Osasco,Osasco,3,-23.528528,-46.771981,PF,pf,False,True,9b6cfe8857b86115dbfb494528b956914af831a914921d48447b0c4b6433acd1
D-0289,355030870000273,SP - Norte 1,São Paulo,1,-23.490728,-46.639827,PF,pf,False,False,9f71e0e0d4cc7301fa76966fba5066a236a5987068ed790498539dafbd51ffb3
D-0290,355030881000453,SP - Norte 1,São Paulo,2,-23.452403,-46.624954,PF,pf,False,True,f2238009b0c5b304062e5c6d9c1d7e38f2e0686f237d3928b2a829924664216c
D-0291,355030844000094,SP - Leste 2,São Paulo,2,-23.485677,-46.428201,PF,pf,False,True,283db7ad09f29c0e9ce67bbdde0e3ecf7deb6a545dc83689d336fee10d202750
D-0292,351880010000382,Guarulhos,Guarulhos,5,-23.43405,-46.415526,PF,pf,False,False,e53cf424f62144b472aa9980b6fece8c59176e84718a6a304337f3afbb0b126d
D-0293,355030831000054,SP - Leste 2,São Paulo,4,-23.550289,-46.419685,PF,pf,False,False,34302fc0e8d2c78dc7665183132efba9aae5860f20c438998e2f67a299a5dd2b
D-0294,355030894000362,SP - Oeste,São Paulo,1,-23.612787,-46.740134,PF,pf,False,False,98f7569b60c56f54875ed22b02c106a3384bd9c9ea372d421a0387ed74fd39dc
D-0295,353440105000702,Osasco,Osasco,3,-23.554036,-46.816416,PF,pf,False,True,ca7b3812966bf314aa36fc3420ec925e8c23cbd973c1ea55d7c27338fccfd66c
D-0296,355030857000029,SP - Leste 2,São Paulo,2,-23.560741,-46.467579,PF,pf,False,True,dbf258fec8ef6b385b6dcad195357d63cd474154738d66e591753a830ed52a09
D-0297,355030805000017,SP - Leste 1,São Paulo,2,-23.538896,-46.486841,PF,pf,False,True,c1d4f7081b916dd519781cabb3ea2944d7b201c59dd9d6d2300634e9775f424a
D-0298,354870805001137,São Bernardo do Campo,São Bernardo do Campo,2,-23.718422,-46.593633,PF,pf,False,True,b672a01200440007ef8e885182fcf18d1ada601e58602c823dbfe31bced230bc
D-0299,355030883000027,SP - Sul 2,São Paulo,1,-23.620957,-46.734584,PF,pf,False,True,8a6760cf83038d0532dbd9ec18cb9a90d2b18383859079cd002704d37f079e97
D-0300,355030846000301,SP - Sul 2,São Paulo,2,-23.683335,-46.73851,PF,pf,False,True,1cd2736a58d55b4ca1ba543e0d2c3167ee665e7ffe5e1f0297e5765e723f9b36
