ong_id,cd_setor,regiao,municipio,ipvs_grupo,lat,lon,status_aprovacao,capacidade_kg_dia,tem_refrigeracao,serve_refeicao,turnos,documento_hash
O-001,355030887000273,SP - Leste 2,São Paulo,2,-23.516285,-46.46744,aprovada,63.0,True,True,cafe|almoco|jantar,948a407b6327cdf8b33ca23ed382c15cebc4e56a0520f5678f852e2c65509e9b
O-002,355030811000063,SP - Norte 2,São Paulo,2,-23.47307,-46.680989,aprovada,40.0,False,True,almoco|jantar,160a0a4579daec9311a3a0197acefac010954dc62b6dddf4440f5a0f191b3875
O-003,351380105000943,Diadema,Diadema,6,-23.734403,-46.614421,aprovada,83.0,True,False,,fabcbd8565d2892ca5e75260705693aee6ed977a4a6ce9f696f2f26b0bfba487
O-004,355030811000453,SP - Norte 2,São Paulo,6,-23.450283,-46.702182,aprovada,345.0,False,True,cafe|jantar,833a5b929730dcd12c20bce9b4900734ff9a62b5a1333791b8e04137600a5937
O-005,351380105000878,Diadema,Diadema,5,-23.699401,-46.600923,aprovada,21.0,False,True,cafe|almoco|jantar,69392607559d5a344bcf1f2598e04bab64c007157e0820420a25c296139a40e3
O-006,355030838000575,SP - Sul 1,São Paulo,2,-23.636683,-46.635226,aprovada,73.0,False,True,cafe|jantar,a2c9967787f8903e99eb9499bb6d0448fad9fe8e92a6bdcd74d4318b61b33001
O-007,355030831000174,SP - Leste 2,São Paulo,6,-23.559516,-46.39392,aprovada,38.0,True,True,jantar,fab9377e76a15f2c8a3113ab3c5f456c16975abb5133f6fc82d6e6509ec62eff
O-008,355030811000445,SP - Norte 2,São Paulo,6,-23.447136,-46.69038,aprovada,85.0,True,False,,f552fcda01985fc157d8787d2165f71c240eae2ea480129c0eb996b5447496e3
O-009,355030825000425,SP - Leste 2,São Paulo,5,-23.586617,-46.405597,aprovada,62.0,False,True,cafe|almoco,51be62b655efc12ae94d8d446f9847941021f3c4b0bfc1ed9af6b5f42cf5ceeb
O-010,355030815000141,SP - Sul 2,São Paulo,6,-23.633647,-46.673764,aprovada,95.0,True,True,almoco,ade96cf65c437901402aa6ca29f1bedf9caf3d8116605ff124417dd2f0518de4
O-011,355030822000557,SP - Sul 2,São Paulo,4,-23.678437,-46.634651,aprovada,121.0,True,True,almoco|jantar,aeeb3385089247225d5fcee91e6e16493a4dfc456666691c50867c71da285ad5
O-012,351880010000684,Guarulhos,Guarulhos,5,-23.458467,-46.429992,aprovada,67.0,True,False,,9675f7cded3297a1d11575a8b092b82a92165f5ba72840e85b6f229d059aa9e7
O-013,355030883000400,SP - Sul 2,São Paulo,6,-23.617684,-46.728924,aprovada,118.0,True,True,cafe|almoco,a872f320b5d73217a986b6636b766d9cd615b8410b8d77a8acff567194217790
O-014,355030838000405,SP - Sul 1,São Paulo,6,-23.669884,-46.632319,aprovada,20.0,False,True,almoco|jantar,de8a04450cf53e8a3cd2f11a8beeb64d6997c2c9cbfb74ad779cc493522c57af
O-015,355030873000291,SP - Leste 2,São Paulo,6,-23.609511,-46.472494,aprovada,156.0,True,False,,0ad1c179caaa590ea657fc2c962da3f938e0f0568d12b1bdb6c46fd501c8aa5a
O-016,355030830000094,SP - Sul 2,São Paulo,5,-23.753063,-46.698029,aprovada,75.0,True,True,almoco|jantar,1762d581cf468f110f7a7139e7bef008f444ff5a277a1c8c930697481cc5cd31
O-017,355030858000025,SP - Sul 2,São Paulo,6,-23.692398,-46.656375,aprovada,115.0,False,False,,8db060a790e7999da1bd5d72d60542d38d3eb2d11053d2dc51c4f75b97cfa100
O-018,355030883000228,SP - Sul 2,São Paulo,5,-23.623302,-46.72619,aprovada,29.0,True,True,almoco|jantar,5802a7150ec276f0d6d52291c9830616a1945d1aef822571ee16ce7d1793bbc0
O-019,351380105000794,Diadema,Diadema,6,-23.681211,-46.591326,aprovada,36.0,False,True,cafe|almoco,07e7bbf30e41780c699803e4ac4c2932b3e9067fec508a54b5a3ea48319a796f
O-020,355030875000232,SP - Leste 2,São Paulo,6,-23.62419,-46.477412,aprovada,65.0,True,True,cafe|almoco|noturno,cd7e3a9250e55f62d2976cc4c514cf7342b5e3fc994dac38142b3ea1519a7887
O-021,355030861000262,SP - Norte 2,São Paulo,6,-23.422242,-46.74827,aprovada,59.0,False,False,,e8151831d94670993aaaad69a2956a4e8765ded8b65865d45212330953487e7d
O-022,355030855000578,SP - Sul 2,São Paulo,6,-23.793482,-46.747103,aprovada,71.0,False,True,cafe|almoco,5f9e1f2c164dbcdbc1bbe76fd7dabe104fe14840002fd3c937e1bab36fa0e60c
O-023,353440105001682,Osasco,Osasco,5,-23.496218,-46.80148,aprovada,115.0,False,True,cafe|almoco|noturno,3d147b3fa11a41de46feeb88b64e98a81d391e3ed7672e4ffd483057eb89f6ff
O-024,355030836000388,SP - Leste 2,São Paulo,6,-23.514056,-46.402612,aprovada,21.0,True,True,almoco,7fc6590593def32c6fe974a601580576230f2675479052bd8cdd69a03c76e295
O-025,355030843000362,SP - Sul 2,São Paulo,6,-23.695843,-46.770259,aprovada,108.0,True,True,almoco,cc7e7852da5dd02d632eb06240be9c0cb08dac21da412c55a3abe9a0441904f6
O-026,355030834000226,SP - Sul 1,São Paulo,3,-23.573055,-46.611336,aprovada,60.0,False,True,cafe|almoco,06e8e386a4acf3a67678ebeb450c807619f7ed1a1a5ba27f57ba850a35d406e7
O-027,355030877000284,SP - Sul 1,São Paulo,2,-23.61465,-46.645949,aprovada,53.0,True,True,cafe|almoco,2e741ed01bb39db6d4db840ad5f534b2830c9e471da6f968e7a4efd37ec38a41
O-028,355030819000064,SP - Sul 2,São Paulo,5,-23.661244,-46.784327,pendente,25.0,True,True,jantar,44605a530e99266abc01dc2c4b0531a7a71a8ed14af9c738ca3ced3b9c3c7c05
O-029,355030881000410,SP - Norte 1,São Paulo,6,-23.440785,-46.575239,aprovada,81.0,True,True,almoco|jantar|noturno,7ce9defa8224a5d647e7ca318605b239fc532c0405c54d3a4d9c7f6095df23b6
O-030,355030817000185,SP - Sul 2,São Paulo,6,-23.642922,-46.787794,aprovada,20.0,False,True,almoco|jantar,c3b9be88293e129018e31d1abf556bc15daf9a85b80a10f2af3ffd7ff7cbeae7
O-031,355030847000157,SP - Leste 2,São Paulo,4,-23.551543,-46.426995,aprovada,89.0,False,True,almoco,d472cc2aaf8a177ddf0276187c8f60d413db29ebe4449f03d1672683794e4bcd
O-032,355030880000014,SP - Leste 1,São Paulo,2,-23.544003,-46.562632,aprovada,25.0,False,True,almoco|jantar,07b1921952ed3463d4b41d656ed05e52be673e59f4dd1414c4604a00630092de
O-033,355030859000201,SP - Leste 1,São Paulo,2,-23.522582,-46.504356,aprovada,62.0,False,True,cafe|almoco|jantar,3a76c4c6dbd833ab0e52ead79ebddffb1a3c427f6c31b508af7aa673624e3a11
O-034,351880005001049,Guarulhos,Guarulhos,6,-23.430919,-46.537078,aprovada,56.0,True,True,almoco,01c48895ab6ff1b6ec5a6f297bc231e4c6349053d9800cb5935371d07b4d53e0
O-035,355030834000256,SP - Sul 1,São Paulo,6,-23.601431,-46.595745,aprovada,121.0,True,True,cafe|jantar,24008c8ae7c8db3354d670bee965af2b5f9fa8b53bcf9cd1fd5ce76d349f386d
O-036,351880010000265,Guarulhos,Guarulhos,6,-23.458363,-46.456374,aprovada,54.0,True,True,almoco,4a6e4a1c08e8debbff555b8f73d9d7042a7ac4200034c224a6b9bb4612f1b9a9
O-037,355030830001278,SP - Sul 2,São Paulo,3,-23.744961,-46.6666,aprovada,40.0,False,True,noturno,7be0f1a78786253e0316a24a67b1b1272f94d14a0a071c08faa8caf8cf5d35ac
O-038,355030863000268,SP - Norte 2,São Paulo,6,-23.463384,-46.720136,aprovada,44.0,True,True,almoco,2c0830997172768c99c0cd95a32c863d81e13a18f19e234d7d5ea1913b1e7c0c
O-039,355030831000180,SP - Leste 2,São Paulo,6,-23.557723,-46.413227,aprovada,129.0,False,False,,4a8b17e2ee917aaa0b6316efed5897aa027111cae49775e70c2959cc0d0b6f70
O-040,351880010000106,Guarulhos,Guarulhos,5,-23.473308,-46.441809,aprovada,83.0,False,True,almoco|noturno,d1e053a78297abfc7e031819286ffc79df83979c07e9f29c60b4564c26b79fd5
O-041,355030811000017,SP - Norte 2,São Paulo,5,-23.464515,-46.684543,aprovada,48.0,True,False,,de0993abadc93a59be83f75adf75bb885d3eea25ca43b8f46229f238fcc1e1c5
O-042,355030889000188,SP - Norte 1,São Paulo,6,-23.522518,-46.575797,aprovada,52.0,True,True,almoco|jantar,7b54606cec3514ac14e3b015fbc2a7d880cefb7114e98ff7dae53cfd1d066d02
O-043,355030817000639,SP - Sul 2,São Paulo,6,-23.636857,-46.754641,aprovada,23.0,True,False,,5157aa3a78c5dcec7fc9c72f162b2f3de244d55bc6216817968f6460efa4d079
O-044,355030817000450,SP - Sul 2,São Paulo,5,-23.644702,-46.787432,reprovada,76.0,False,True,cafe,dac01962f8df7b9cbac6dc43ef443e743f89acc1f995672a1aff7b6e78e9b303
O-045,355030846000362,SP - Sul 2,São Paulo,5,-23.660883,-46.755744,aprovada,21.0,False,True,cafe|almoco|jantar,5a4284398694edd8d593d61fb351e58ce5ad57bc4152e7ffb750776df90ca353
O-046,353440105000299,Osasco,Osasco,5,-23.511772,-46.78251,aprovada,94.0,False,True,almoco,048cf66d9a243179a8ba023c4353394b7bdd800616639879d571e9c739562034
O-047,351880005000718,Guarulhos,Guarulhos,5,-23.406404,-46.467899,aprovada,65.0,True,False,,50828e9a03da6b170cada0dca6fb7d92b4ae9a8f18f1e3499da2d626295bc285
O-048,351880005000805,Guarulhos,Guarulhos,5,-23.404811,-46.440907,aprovada,251.0,True,True,almoco,6c2179e3ee7c39fe167e5e6c11104dcbe4883233a4d3ee21b950d628c5b0aef4
O-049,355030867000024,SP - Oeste,São Paulo,3,-23.575788,-46.752447,aprovada,31.0,True,True,cafe|almoco|noturno,e74f906d29778f5c101ac15c9a70e55fdfacbb22bda5d158c4016c9a37599a1f
O-050,351880010000972,Guarulhos,Guarulhos,6,-23.453398,-46.464864,reprovada,56.0,True,True,cafe|almoco|jantar|noturno,2036f100ec829f8f13d67d7ca229735047e90d0fc7303a1be76c15b6d96c4b82
O-051,355030855000103,SP - Sul 2,São Paulo,4,-23.826264,-46.716132,aprovada,176.0,True,False,,4bacd45989cfcedf137ddd090b3f7b80811ac97553dcf1db81adfa26b1d1d434
O-052,351880010000254,Guarulhos,Guarulhos,6,-23.453824,-46.459819,aprovada,123.0,True,True,almoco|jantar,7f883d9e0bd1b5536c87046c294e0f1f39772850e8a3e3c7b16b1a250e9ef03d
O-053,355030858000395,SP - Sul 2,São Paulo,6,-23.707646,-46.63139,aprovada,40.0,False,True,almoco,bae6dd15e8411eb82e029b3b433188e2e0f282a82a31aaf322bbffab700979c6
O-054,351880010000797,Guarulhos,Guarulhos,5,-23.463573,-46.421684,aprovada,69.0,True,True,almoco|jantar,307192b08990715a32948d830a458b94a18b682d1a05b66fba799acc1cec5718
O-055,355030811000388,SP - Norte 2,São Paulo,6,-23.452534,-46.691847,pendente,60.0,True,False,,e12b50dfbf9040084866677079223dc1a3c0c6b3f01e28dddf63f44d371c8d6e
O-056,355030827000317,SP - Sul 1,São Paulo,6,-23.619004,-46.612235,aprovada,71.0,False,True,almoco|jantar,098cdacf56fb5c2fe53b82be4870b9ef8ee7c93711acf76445e84ab1ba773677
O-057,352940105000320,Mauá,Mauá,6,-23.643206,-46.444431,aprovada,39.0,True,True,cafe|almoco|jantar,25635fcdf7c6fed5cf55ec7403a8e497976708fe7348c989601714d2be53083b
O-058,351880005000888,Guarulhos,Guarulhos,3,-23.43335,-46.525091,aprovada,57.0,False,False,,3374307aa09a7a144f06efc5485fbf99bce36fd1472d9a8aa1672e7d6fe6fa4c
O-059,354780908000300,Santo André,Santo André,6,-23.649731,-46.49991,aprovada,23.0,False,True,almoco|jantar|noturno,a9646b1459fabe73a16a382381e406b84e048b1478ec375bd454ea836a73da20
O-060,355030828000258,SP - Leste 2,São Paulo,2,-23.487429,-46.50335,pendente,65.0,False,True,almoco|noturno,edc0545dd03ef1ff25f719ea328c9a45b2afb3a1a946842fd5426f2735eb72be
