transportador_id,modalidade,veiculo,refrigerado,capacidade_kg,regiao,municipio,lat,lon,rota_b_regiao,rota_b_lat,rota_b_lon
V-001,voluntario,carro,False,150,SP - Oeste,São Paulo,-23.533665,-46.701571,,,
V-002,voluntario,carro,False,150,SP - Sul 2,São Paulo,-23.665409,-46.713369,,,
V-003,voluntario,moto,False,30,SP - Leste 2,São Paulo,-23.590601,-46.400089,,,
V-004,voluntario,moto,False,30,SP - Leste 1,São Paulo,-23.529019,-46.561371,,,
V-005,voluntario,carro,False,150,Diadema,Diadema,-23.714608,-46.612038,,,
V-006,voluntario,carro,False,150,Osasco,Osasco,-23.580185,-46.805251,,,
V-007,voluntario,carro,False,150,Santo André,Santo André,-23.667739,-46.52942,,,
V-008,voluntario,moto,False,30,Mauá,Mauá,-23.679819,-46.418486,,,
V-009,voluntario,carro,False,150,SP - Norte 2,São Paulo,-23.471107,-46.702586,,,
V-010,voluntario,carro,False,150,SP - Leste 2,São Paulo,-23.60901,-46.476215,,,
V-011,voluntario,moto,False,30,São Bernardo do Campo,São Bernardo do Campo,-23.769329,-46.611881,,,
V-012,voluntario,moto,False,30,SP - Sul 1,São Paulo,-23.601078,-46.64739,,,
V-013,voluntario,carro,False,150,Guarulhos,Guarulhos,-23.453667,-46.430304,,,
V-014,voluntario,carro,False,150,SP - Leste 2,São Paulo,-23.504399,-46.468501,,,
V-015,voluntario,carro,False,150,SP - Leste 1,São Paulo,-23.619987,-46.491284,,,
V-016,voluntario,carro,False,150,São Bernardo do Campo,São Bernardo do Campo,-23.722249,-46.590367,,,
V-017,voluntario,carro,False,150,SP - Sul 2,São Paulo,-23.738419,-46.774565,,,
V-018,voluntario,moto,False,30,SP - Oeste,São Paulo,-23.615576,-46.682565,,,
V-019,voluntario,moto,False,30,SP - Leste 2,São Paulo,-23.555124,-46.406208,,,
V-020,voluntario,carro,False,150,SP - Leste 2,São Paulo,-23.545857,-46.429592,,,
V-021,voluntario,moto,False,30,SP - Sul 2,São Paulo,-23.864857,-46.665693,,,
V-022,voluntario,carro,False,150,Santo André,Santo André,-23.64501,-46.535542,,,
V-023,voluntario,carro,False,150,SP - Leste 2,São Paulo,-23.63097,-46.455888,,,
V-024,voluntario,moto,False,30,SP - Centro,São Paulo,-23.554761,-46.627468,,,
V-025,voluntario,carro,False,150,Osasco,Osasco,-23.503316,-46.801166,,,
V-026,voluntario,carro,False,150,SP - Sul 2,São Paulo,-23.709596,-46.627313,,,
V-027,voluntario,carro,False,150,SP - Leste 2,São Paulo,-23.505803,-46.416659,,,
V-028,voluntario,carro,False,150,SP - Sul 1,São Paulo,-23.624362,-46.65438,,,
V-029,voluntario,carro,False,150,SP - Centro,São Paulo,-23.541374,-46.655245,,,
V-030,voluntario,moto,False,30,SP - Sul 2,São Paulo,-23.690811,-46.780509,,,
V-031,voluntario,moto,False,30,Santo André,Santo André,-23.70028,-46.494575,,,
V-032,voluntario,moto,False,30,SP - Leste 1,São Paulo,-23.529607,-46.519974,,,
V-033,voluntario,moto,False,30,Guarulhos,Guarulhos,-23.427811,-46.516605,,,
V-034,voluntario,carro,False,150,SP - Leste 2,São Paulo,-23.635488,-46.4679,,,
V-035,voluntario,moto,False,30,SP - Leste 2,São Paulo,-23.512216,-46.428115,,,
V-036,voluntario,carro,False,150,SP - Oeste,São Paulo,-23.544541,-46.757333,,,
V-037,voluntario,carro,False,150,SP - Oeste,São Paulo,-23.576173,-46.748851,,,
V-038,voluntario,moto,False,30,SP - Sul 2,São Paulo,-23.735637,-46.78918,,,
V-039,voluntario,carro,False,150,SP - Sul 2,São Paulo,-23.762394,-46.661811,,,
V-040,voluntario,carro,False,150,Osasco,Osasco,-23.549493,-46.805378,,,
V-041,voluntario,carro,False,150,Osasco,Osasco,-23.514704,-46.759196,,,
V-042,voluntario,carro,False,150,Osasco,Osasco,-23.583971,-46.806207,,,
V-043,voluntario,carro,False,150,SP - Sul 2,São Paulo,-23.613847,-46.726698,,,
V-044,voluntario,carro,False,150,SP - Norte 2,São Paulo,-23.488127,-46.713147,,,
V-045,voluntario,moto,False,30,Guarulhos,Guarulhos,-23.444118,-46.538791,,,
V-046,voluntario,carro,False,150,SP - Leste 1,São Paulo,-23.599788,-46.499508,,,
V-047,voluntario,carro,False,150,SP - Leste 1,São Paulo,-23.576906,-46.508746,,,
V-048,voluntario,carro,False,150,SP - Sul 2,São Paulo,-23.785083,-46.715509,,,
V-049,voluntario,moto,False,30,SP - Sul 2,São Paulo,-23.654951,-46.75678,,,
V-050,voluntario,carro,False,150,Osasco,Osasco,-23.557151,-46.81044,,,
V-051,voluntario,carro,False,150,SP - Oeste,São Paulo,-23.585903,-46.724413,,,
V-052,voluntario,carro,False,150,SP - Centro,São Paulo,-23.556986,-46.635921,,,
V-053,voluntario,moto,False,30,SP - Sul 2,São Paulo,-23.657393,-46.693753,,,
V-054,voluntario,moto,False,30,Santo André,Santo André,-23.643108,-46.538507,,,
V-055,voluntario,carro,False,150,São Bernardo do Campo,São Bernardo do Campo,-23.727787,-46.530055,,,
V-056,voluntario,moto,False,30,SP - Leste 1,São Paulo,-23.597571,-46.512635,,,
V-057,voluntario,carro,False,150,SP - Leste 2,São Paulo,-23.494038,-46.403171,,,
V-058,voluntario,carro,False,150,São Bernardo do Campo,São Bernardo do Campo,-23.711762,-46.558903,,,
V-059,voluntario,carro,False,150,SP - Oeste,São Paulo,-23.574206,-46.708401,,,
V-060,voluntario,carro,False,150,SP - Sul 2,São Paulo,-23.624359,-46.720209,,,
V-061,voluntario,carro,False,150,Osasco,Osasco,-23.548268,-46.814675,,,
V-062,voluntario,carro,False,150,SP - Sul 2,São Paulo,-23.629135,-46.669085,,,
V-063,voluntario,carro,False,150,SP - Centro,São Paulo,-23.538646,-46.651752,,,
V-064,voluntario,carro,False,150,SP - Oeste,São Paulo,-23.537672,-46.689375,,,
V-065,voluntario,carro,False,150,SP - Sul 2,São Paulo,-23.6729,-46.684812,,,
V-066,voluntario,moto,False,30,SP - Norte 2,São Paulo,-23.445053,-46.799684,,,
V-067,voluntario,moto,False,30,SP - Oeste,São Paulo,-23.586141,-46.767322,,,
V-068,voluntario,carro,False,150,SP - Leste 2,São Paulo,-23.540066,-46.433306,,,
V-069,voluntario,carro,False,150,SP - Norte 2,São Paulo,-23.450959,-46.683348,,,
V-070,voluntario,carro,False,150,SP - Leste 2,São Paulo,-23.516926,-46.440213,,,
M-001,motorista_retorno,van,False,800,SP - Norte 1,São Paulo,-23.487548,-46.572218,,,
M-002,motorista_retorno,caminhao,False,3000,SP - Leste 1,São Paulo,-23.550256,-46.573812,,,
M-003,motorista_retorno,caminhao,False,3000,SP - Oeste,São Paulo,-23.520434,-46.673532,,,
M-004,motorista_retorno,caminhao,False,3000,Guarulhos,Guarulhos,-23.43466,-46.556893,,,
M-005,motorista_retorno,van,False,800,SP - Sul 2,São Paulo,-23.716292,-46.624163,,,
M-006,motorista_retorno,caminhao,False,3000,SP - Oeste,São Paulo,-23.592623,-46.751504,,,
M-007,motorista_retorno,van,False,800,Santo André,Santo André,-23.742804,-46.497787,,,
M-008,motorista_retorno,carro,True,150,SP - Leste 2,São Paulo,-23.560666,-46.50167,,,
M-009,motorista_retorno,van,False,800,SP - Leste 2,São Paulo,-23.603507,-46.474036,,,
M-010,motorista_retorno,van,False,800,SP - Oeste,São Paulo,-23.603679,-46.786206,,,
M-011,motorista_retorno,van,False,800,SP - Norte 2,São Paulo,-23.448625,-46.709863,,,
M-012,motorista_retorno,van,False,800,SP - Sul 2,São Paulo,-23.637281,-46.744992,,,
M-013,motorista_retorno,van,False,800,SP - Sul 1,São Paulo,-23.576385,-46.61077,,,
M-014,motorista_retorno,caminhao,True,3000,Osasco,Osasco,-23.555159,-46.791005,,,
M-015,motorista_retorno,van,False,800,Osasco,Osasco,-23.507925,-46.809049,,,
M-016,motorista_retorno,carro,False,150,Osasco,Osasco,-23.571587,-46.793225,,,
M-017,motorista_retorno,van,True,800,SP - Sul 1,São Paulo,-23.628812,-46.649962,,,
M-018,motorista_retorno,carro,False,150,SP - Sul 1,São Paulo,-23.643119,-46.607787,,,
M-019,motorista_retorno,carro,False,150,SP - Norte 2,São Paulo,-23.41837,-46.756412,,,
M-020,motorista_retorno,van,False,800,Mauá,Mauá,-23.683492,-46.44275,,,
M-021,motorista_retorno,carro,False,150,SP - Sul 2,São Paulo,-23.64151,-46.759868,,,
M-022,motorista_retorno,caminhao,False,3000,Diadema,Diadema,-23.695361,-46.597734,,,
M-023,motorista_retorno,caminhao,False,3000,Guarulhos,Guarulhos,-23.507393,-46.554823,,,
M-024,motorista_retorno,van,False,800,SP - Sul 2,São Paulo,-23.751439,-46.700578,,,
M-025,motorista_retorno,van,False,800,SP - Sul 1,São Paulo,-23.621847,-46.63939,,,
M-026,motorista_retorno,carro,False,150,SP - Leste 2,São Paulo,-23.611103,-46.450205,,,
M-027,motorista_retorno,van,False,800,SP - Sul 2,São Paulo,-23.726061,-46.771007,,,
M-028,motorista_retorno,caminhao,True,3000,SP - Sul 2,São Paulo,-23.653606,-46.67065,,,
M-029,motorista_retorno,van,False,800,SP - Norte 2,São Paulo,-23.499463,-46.751938,,,
M-030,motorista_retorno,caminhao,False,3000,SP - Norte 2,São Paulo,-23.482718,-46.703299,,,
M-031,motorista_retorno,van,False,800,SP - Leste 2,São Paulo,-23.612782,-46.464481,,,
M-032,motorista_retorno,van,True,800,Santo André,Santo André,-23.697258,-46.531304,,,
M-033,motorista_retorno,caminhao,False,3000,São Bernardo do Campo,São Bernardo do Campo,-23.705312,-46.565348,,,
M-034,motorista_retorno,caminhao,False,3000,São Bernardo do Campo,São Bernardo do Campo,-23.740739,-46.571318,,,
M-035,motorista_retorno,caminhao,False,3000,SP - Norte 1,São Paulo,-23.451698,-46.577398,,,
M-036,motorista_retorno,caminhao,False,3000,Guarulhos,Guarulhos,-23.448634,-46.547679,,,
M-037,motorista_retorno,van,False,800,SP - Sul 2,São Paulo,-23.708872,-46.616983,,,
M-038,motorista_retorno,van,False,800,SP - Leste 1,São Paulo,-23.603022,-46.519231,,,
M-039,motorista_retorno,van,False,800,SP - Oeste,São Paulo,-23.573318,-46.653769,,,
M-040,motorista_retorno,carro,False,150,SP - Sul 1,São Paulo,-23.655795,-46.667783,,,
M-041,motorista_retorno,van,False,800,Mauá,Mauá,-23.65242,-46.440153,,,
M-042,motorista_retorno,caminhao,False,3000,SP - Sul 2,São Paulo,-23.768664,-46.685373,,,
M-043,motorista_retorno,van,False,800,SP - Leste 1,São Paulo,-23.550177,-46.619576,,,
M-044,motorista_retorno,van,False,800,SP - Leste 1,São Paulo,-23.554839,-46.589061,,,
M-045,motorista_retorno,van,False,800,SP - Leste 1,São Paulo,-23.552484,-46.491434,,,
M-046,motorista_retorno,van,False,800,SP - Leste 1,São Paulo,-23.576183,-46.588535,,,
M-047,motorista_retorno,van,False,800,SP - Norte 1,São Paulo,-23.482728,-46.563894,,,
M-048,motorista_retorno,carro,False,150,SP - Oeste,São Paulo,-23.532968,-46.693541,,,
M-049,motorista_retorno,van,False,800,SP - Oeste,São Paulo,-23.592681,-46.72822,,,
M-050,motorista_retorno,carro,False,150,SP - Sul 1,São Paulo,-23.577632,-46.646336,,,
M-051,motorista_retorno,caminhao,False,3000,Guarulhos,Guarulhos,-23.404238,-46.420689,,,
M-052,motorista_retorno,carro,True,150,Osasco,Osasco,-23.54701,-46.803092,,,
M-053,motorista_retorno,carro,False,150,SP - Sul 2,São Paulo,-23.686154,-46.79294,,,
M-054,motorista_retorno,van,False,800,SP - Leste 2,São Paulo,-23.623604,-46.474782,,,
M-055,motorista_retorno,van,False,800,Diadema,Diadema,-23.698787,-46.624418,,,
M-056,motorista_retorno,van,False,800,SP - Centro,São Paulo,-23.563599,-46.636467,,,
M-057,motorista_retorno,caminhao,False,3000,SP - Oeste,São Paulo,-23.593413,-46.79544,,,
M-058,motorista_retorno,carro,True,150,SP - Centro,São Paulo,-23.540738,-46.640848,,,
M-059,motorista_retorno,van,False,800,São Bernardo do Campo,São Bernardo do Campo,-23.707979,-46.538483,,,
M-060,motorista_retorno,van,False,800,SP - Oeste,São Paulo,-23.529445,-46.700519,,,
M-061,motorista_retorno,caminhao,False,3000,São Bernardo do Campo,São Bernardo do Campo,-23.742018,-46.561781,,,
M-062,motorista_retorno,carro,False,150,SP - Sul 2,São Paulo,-23.677339,-46.634699,,,
M-063,motorista_retorno,carro,True,150,SP - Sul 1,São Paulo,-23.572551,-46.647588,,,
M-064,motorista_retorno,caminhao,False,3000,SP - Leste 1,São Paulo,-23.618031,-46.493244,,,
M-065,motorista_retorno,carro,True,150,Mauá,Mauá,-23.703129,-46.454994,,,
T-001,transportadora,van,True,800,Osasco,Osasco,-23.54363,-46.788419,SP - Sul 1,-23.610946,-46.623715
T-002,transportadora,van,True,800,SP - Leste 2,São Paulo,-23.536055,-46.436076,SP - Sul 1,-23.595322,-46.624992
T-003,transportadora,caminhao,True,3000,Mauá,Mauá,-23.672492,-46.444367,SP - Norte 2,-23.468343,-46.714467
T-004,transportadora,caminhao,False,3000,SP - Sul 2,São Paulo,-23.70064,-46.711681,Santo André,-23.681513,-46.525786
T-005,transportadora,caminhao,True,3000,São Caetano do Sul,São Caetano do Sul,-23.629094,-46.55816,SP - Sul 2,-23.689114,-46.71367
T-006,transportadora,van,False,800,SP - Centro,São Paulo,-23.557254,-46.636633,SP - Leste 1,-23.563939,-46.537964
T-007,transportadora,caminhao,True,3000,SP - Leste 2,São Paulo,-23.554142,-46.438826,Osasco,-23.524735,-46.783841
T-008,transportadora,van,True,800,SP - Centro,São Paulo,-23.549964,-46.633204,SP - Leste 1,-23.560733,-46.548648
T-009,transportadora,van,True,800,Diadema,Diadema,-23.698925,-46.608853,SP - Sul 2,-23.700154,-46.723233
T-010,transportadora,caminhao,True,3000,Mauá,Mauá,-23.672141,-46.440142,SP - Norte 1,-23.480483,-46.597485
T-011,transportadora,caminhao,False,3000,SP - Oeste,São Paulo,-23.57153,-46.711667,SP - Norte 1,-23.473739,-46.601313
T-012,transportadora,caminhao,False,3000,SP - Oeste,São Paulo,-23.562135,-46.71192,SP - Sul 1,-23.617139,-46.643991
T-013,transportadora,van,True,800,SP - Oeste,São Paulo,-23.567573,-46.719003,Guarulhos,-23.44498,-46.482097
T-014,transportadora,caminhao,False,3000,SP - Centro,São Paulo,-23.550887,-46.638145,São Caetano do Sul,-23.629333,-46.578251
T-015,transportadora,caminhao,False,3000,SP - Leste 1,São Paulo,-23.554398,-46.521393,SP - Centro,-23.558767,-46.650013
T-016,transportadora,van,False,800,São Caetano do Sul,São Caetano do Sul,-23.628924,-46.567601,SP - Oeste,-23.563039,-46.703958
T-017,transportadora,caminhao,False,3000,SP - Leste 1,São Paulo,-23.560705,-46.541388,Osasco,-23.546977,-46.778548
T-018,transportadora,van,False,800,SP - Sul 1,São Paulo,-23.612109,-46.633616,São Caetano do Sul,-23.631101,-46.573661
T-019,transportadora,caminhao,False,3000,Osasco,Osasco,-23.529284,-46.795217,Guarulhos,-23.435927,-46.487174
T-020,transportadora,caminhao,False,3000,São Bernardo do Campo,São Bernardo do Campo,-23.71796,-46.551869,São Caetano do Sul,-23.625716,-46.564593
T-021,transportadora,caminhao,False,3000,Guarulhos,Guarulhos,-23.440819,-46.48965,SP - Sul 1,-23.611245,-46.617562
T-022,transportadora,caminhao,False,3000,SP - Leste 1,São Paulo,-23.564335,-46.545317,SP - Oeste,-23.566369,-46.717252
T-023,transportadora,caminhao,True,3000,SP - Sul 1,São Paulo,-23.621703,-46.641841,SP - Oeste,-23.557469,-46.717137
T-024,transportadora,van,False,800,Santo André,Santo André,-23.663957,-46.52156,SP - Leste 2,-23.538636,-46.426938
T-025,transportadora,caminhao,False,3000,SP - Norte 1,São Paulo,-23.475993,-46.613113,Diadema,-23.689285,-46.613201
