lote_id,descricao_texto,categoria,armazenamento,cat_prevista,arm_previsto,confianca
L-021589,"Sobrou 3 pacotes de frango congelado, vence em breve, no freezer",congelado,congelado,congelado,congelado,0.9929
L-025392,"Temos 4 peças de acém congelado para doar, no freezer, vence em breve",congelado,congelado,hortifruti,ambiente,0.2478
L-020721,"Doação: 27 peças de acém congelado, no freezer. Retirar, vence em breve",congelado,congelado,congelado,congelado,0.2386
L-023404,"Doação: 12 carne moída congelada, congelado. Retirar, validade próxima",congelado,congelado,congelado,refrigerado,0.4512
L-022758,Excedente do dia: 13 caixas de hambúrguer congelado,congelado,congelado,congelado,congelado,0.4292
L-022358,"Sobrou 27 pacotes de coxa de frango congelada, no freezer",congelado,congelado,congelado,congelado,0.996
L-024760,Excedente do dia: 25 peças de acém congelado,congelado,congelado,hortifruti,ambiente,0.3478
L-022273,"7 caixas de hambúrguer congelado, no freezer",congelado,congelado,congelado,congelado,0.4875
L-019690,"39 carne moída congelada, no freezer",congelado,congelado,congelado,congelado,0.4937
L-021760,"Sobrou 7 carne moída congelada, no freezer",congelado,congelado,congelado,congelado,0.4295
L-022799,"Sobrou 8 pacotes de coxa de frango congelada, validade próxima, congelado",congelado,congelado,congelado,congelado,0.9926
L-025576,"Doação: 52 pacotes de coxa de frango congelada, congelado. Retirar, vence em breve",congelado,congelado,congelado,congelado,0.9981
L-020404,"20 carne moída congelada em ótimo estado, congelado, vence em breve",congelado,congelado,congelado,congelado,0.4451
L-025671,"Excedente do dia: 3 caixas de hambúrguer congelado, validade próxima",congelado,congelado,congelado,congelado,0.3987
L-024554,"58 peças de acém congelado em ótimo estado, no freezer, vence em breve",congelado,congelado,hortifruti,ambiente,0.4597
L-021453,"Temos 13 caixas de hambúrguer congelado para doar, no freezer",congelado,congelado,congelado,congelado,0.3156
L-020739,"12 peças de acém congelado em ótimo estado, no freezer",congelado,congelado,hortifruti,ambiente,0.4225
L-019590,"38 carne moída congelada, no freezer, validade próxima",congelado,congelado,congelado,congelado,0.4944
L-024833,"Sobrou 20 pacotes de coxa de frango congelada, validade próxima, congelado",congelado,congelado,congelado,congelado,0.9944
L-025074,"Doação: 26 pacotes de coxa de frango congelada, no freezer. Retirar",congelado,congelado,congelado,congelado,0.9077
L-022352,"22 caixas de hambúrguer congelado, no freezer",congelado,congelado,congelado,congelado,0.4861
L-024953,"2 caixas de hambúrguer congelado, no freezer hoje ainda",congelado,congelado,congelado,congelado,0.4131
L-025594,"Temos 7 pacotes de coxa de frango congelada para doar, congelado hoje ainda",congelado,congelado,congelado,congelado,0.9945
L-022032,"33 caixas de hambúrguer congelado, congelado",congelado,congelado,congelado,congelado,0.4692
L-021383,"57 pacotes de coxa de frango congelada em ótimo estado, no freezer, validade próxima",congelado,congelado,congelado,congelado,0.9946
L-025545,"Sobrou 4 pacotes de frango congelado, validade próxima, congelado",congelado,congelado,congelado,refrigerado,0.9915
L-025571,"21 pacotes de coxa de frango congelada em ótimo estado, no freezer, vence em breve",congelado,congelado,congelado,congelado,0.9959
L-022118,"30 peças de acém congelado em ótimo estado, no freezer, vence em breve",congelado,congelado,hortifruti,ambiente,0.306
L-021006,"35 caixas de hambúrguer congelado em ótimo estado, congelado hoje ainda",congelado,congelado,congelado,congelado,0.4026
L-024173,"25 caixas de hambúrguer congelado, no freezer hoje ainda",congelado,congelado,congelado,congelado,0.4453
L-020615,"Sobrou 58 pacotes de frango congelado, validade próxima, no freezer",congelado,congelado,congelado,congelado,0.9936
L-020887,"Temos 17 pacotes de frango congelado para doar, congelado hoje ainda",congelado,congelado,congelado,congelado,0.9945
L-025729,"Doação: 76 pacotes de frango congelado, no freezer. Retirar",congelado,congelado,congelado,congelado,0.8382
L-022255,Excedente do dia: 30 pacotes de frango congelado,congelado,congelado,congelado,congelado,0.9953
L-020981,"Sobrou 6 pacotes de frango congelado, vence em breve, congelado",congelado,congelado,congelado,congelado,0.9923
L-023150,"Doação: 32 caixas de hambúrguer congelado, congelado. Retirar, validade próxima",congelado,congelado,congelado,congelado,0.4019
L-025723,"Doação: 6 pacotes de frango congelado, no freezer. Retirar",congelado,congelado,congelado,congelado,0.8767
L-022176,"Temos 10 carne moída congelada para doar, no freezer, vence em breve",congelado,congelado,congelado,congelado,0.36
L-023071,"Doação: 7 pacotes de frango congelado, congelado. Retirar, vence em breve",congelado,congelado,congelado,congelado,0.9982
L-021039,"Temos 16 pacotes de frango congelado para doar, congelado",congelado,congelado,congelado,congelado,0.995
L-022784,"19 carne moída congelada, congelado, validade próxima",congelado,congelado,congelado,refrigerado,0.425
L-021075,"8 pacotes de frango congelado, no freezer, validade próxima",congelado,congelado,congelado,congelado,0.9948
L-025535,"Excedente do dia: 372 caixas de hambúrguer congelado, vence em breve",congelado,congelado,congelado,congelado,0.4112
L-022973,"Doação: 26 pacotes de coxa de frango congelada, no freezer. Retirar, validade próxima",congelado,congelado,congelado,congelado,0.9974
L-023490,"6 pacotes de frango congelado em ótimo estado, congelado",congelado,congelado,congelado,congelado,0.9965
L-020299,"24 peças de acém congelado em ótimo estado, no freezer, validade próxima",congelado,congelado,hortifruti,ambiente,0.348
L-020099,"Temos 3 peças de acém congelado para doar, congelado, vence em breve",congelado,congelado,preparado,congelado,0.2861
L-020172,"Temos 77 peças de acém congelado para doar, no freezer, vence em breve",congelado,congelado,hortifruti,ambiente,0.3367
L-025586,"Sobrou 92 peças de acém congelado hoje ainda, congelado",congelado,congelado,hortifruti,ambiente,0.2316
L-022304,"Excedente do dia: 27 carne moída congelada, vence em breve",congelado,congelado,congelado,congelado,0.369
L-025614,Temos 20 legumes variados para doar,hortifruti,ambiente,hortifruti,ambiente,0.9263
L-019930,"19 caixas de laranja, vence em breve",hortifruti,ambiente,hortifruti,ambiente,0.7136
L-020018,"23 maços de alface em ótimo estado, validade próxima",hortifruti,ambiente,hortifruti,ambiente,0.6685
L-021004,"79 caixas de banana, validade próxima",hortifruti,ambiente,hortifruti,ambiente,0.8008
L-024255,"Sobrou 57 caixas de maçã, validade próxima",hortifruti,ambiente,hortifruti,ambiente,0.7517
L-025611,"49 caixas de laranja em ótimo estado, vence em breve",hortifruti,ambiente,hortifruti,ambiente,0.7321
L-020938,9 legumes variados hoje ainda,hortifruti,ambiente,hortifruti,ambiente,0.9062
L-020923,"26 sacos de cenoura, validade próxima",hortifruti,ambiente,hortifruti,ambiente,0.7794
L-025173,"19 sacos de batata em ótimo estado, validade próxima",hortifruti,ambiente,hortifruti,ambiente,0.7461
L-020822,14 maços de alface em ótimo estado,hortifruti,ambiente,hortifruti,ambiente,0.6182
L-019538,24 maços de alface em ótimo estado,hortifruti,ambiente,hortifruti,ambiente,0.6005
L-021739,"Temos 41 caixas de banana para doar, validade próxima",hortifruti,ambiente,hortifruti,ambiente,0.9094
L-020702,Temos 19 legumes variados para doar,hortifruti,ambiente,hortifruti,ambiente,0.9171
L-023935,"4 caixas de laranja em ótimo estado, validade próxima",hortifruti,ambiente,hortifruti,ambiente,0.5789
L-020607,Excedente do dia: 12 caixas de tomate hoje ainda,hortifruti,ambiente,hortifruti,ambiente,0.4301
L-022471,"10 caixas de banana, vence em breve",hortifruti,ambiente,hortifruti,ambiente,0.8036
L-020381,"Doação: 60 sacos de batata. Retirar, validade próxima",hortifruti,ambiente,hortifruti,ambiente,0.3826
L-025675,"Sobrou 4 caixas de banana, validade próxima",hortifruti,ambiente,hortifruti,ambiente,0.7449
L-024811,"Doação: 37 caixas de laranja. Retirar, vence em breve",hortifruti,ambiente,hortifruti,ambiente,0.5196
L-023737,Doação: 14 caixas de maçã. Retirar,hortifruti,ambiente,hortifruti,ambiente,0.3202
L-023310,Doação: 74 caixas de tomate. Retirar,hortifruti,ambiente,hortifruti,ambiente,0.2239
L-019542,"Excedente do dia: 43 sacos de cenoura, vence em breve",hortifruti,ambiente,hortifruti,ambiente,0.8654
L-025522,Doação: 9 sacos de batata. Retirar,hortifruti,ambiente,hortifruti,ambiente,0.2635
L-019790,"Doação: 14 sacos de batata. Retirar, vence em breve",hortifruti,ambiente,hortifruti,ambiente,0.436
L-025412,Temos 11 sacos de cenoura para doar,hortifruti,ambiente,hortifruti,ambiente,0.8969
L-025161,"Sobrou 16 caixas de tomate, validade próxima",hortifruti,ambiente,hortifruti,ambiente,0.6141
L-024379,"Doação: 10 sacos de cenoura. Retirar, validade próxima",hortifruti,ambiente,hortifruti,ambiente,0.571
L-025352,27 caixas de maçã hoje ainda,hortifruti,ambiente,hortifruti,ambiente,0.7152
L-024615,Excedente do dia: 32 legumes variados,hortifruti,ambiente,hortifruti,ambiente,0.9147
L-022912,"Doação: 56 sacos de batata. Retirar, validade próxima",hortifruti,ambiente,hortifruti,ambiente,0.4188
L-024947,Excedente do dia: 16 legumes variados hoje ainda,hortifruti,ambiente,hortifruti,ambiente,0.9651
L-021564,Doação: 16 caixas de banana. Retirar,hortifruti,ambiente,hortifruti,ambiente,0.3333
L-025447,Doação: 17 maços de alface. Retirar hoje ainda,hortifruti,ambiente,hortifruti,ambiente,0.5941
L-021642,Doação: 8 caixas de tomate. Retirar,hortifruti,ambiente,hortifruti,ambiente,0.214
L-023704,Temos 8 sacos de cenoura para doar hoje ainda,hortifruti,ambiente,hortifruti,ambiente,0.8904
L-022150,"Sobrou 10 caixas de maçã, validade próxima",hortifruti,ambiente,hortifruti,ambiente,0.7561
L-020375,59 legumes variados em ótimo estado,hortifruti,ambiente,hortifruti,ambiente,0.9532
L-024997,"Temos 7 legumes variados para doar, vence em breve",hortifruti,ambiente,hortifruti,ambiente,0.9302
L-023271,"9 caixas de laranja, validade próxima",hortifruti,ambiente,hortifruti,ambiente,0.6155
L-023279,"29 caixas de tomate, validade próxima",hortifruti,ambiente,hortifruti,ambiente,0.5488
L-021399,"Doação: 14 maços de alface. Retirar, validade próxima",hortifruti,ambiente,hortifruti,ambiente,0.4356
L-023054,"Excedente do dia: 6 caixas de laranja, vence em breve",hortifruti,ambiente,hortifruti,ambiente,0.7514
L-022161,20 sacos de batata hoje ainda,hortifruti,ambiente,hortifruti,ambiente,0.5243
L-024806,Doação: 24 caixas de tomate. Retirar,hortifruti,ambiente,hortifruti,ambiente,0.2067
L-022143,"Doação: 60 maços de alface. Retirar, vence em breve",hortifruti,ambiente,hortifruti,ambiente,0.4719
L-024842,3 sacos de cenoura em ótimo estado,hortifruti,ambiente,hortifruti,ambiente,0.7117
L-025413,"26 sacos de cenoura, vence em breve",hortifruti,ambiente,hortifruti,ambiente,0.8378
L-024110,17 caixas de laranja hoje ainda,hortifruti,ambiente,hortifruti,ambiente,0.6792
L-021966,Sobrou 5 caixas de banana hoje ainda,hortifruti,ambiente,hortifruti,ambiente,0.7528
L-019756,Excedente do dia: 43 legumes variados,hortifruti,ambiente,hortifruti,ambiente,0.9255
L-024841,"7 pacotes de arroz 5 kg em ótimo estado, vence em breve",nao_perecivel,ambiente,hortifruti,ambiente,0.5505
L-025385,Temos 70 pacotes de biscoito para doar hoje ainda,nao_perecivel,ambiente,padaria,ambiente,0.934
L-019819,6 pacotes de feijão 1 kg,nao_perecivel,ambiente,hortifruti,ambiente,0.4292
L-024921,"Doação: 16 pacotes de farinha de trigo. Retirar, validade próxima",nao_perecivel,ambiente,preparado,ambiente,0.2184
L-023950,Excedente do dia: 71 pacotes de biscoito,nao_perecivel,ambiente,padaria,ambiente,0.5433
L-022095,Sobrou 28 pacotes de feijão 1 kg hoje ainda,nao_perecivel,ambiente,hortifruti,ambiente,0.5074
L-022772,Excedente do dia: 14 latas de milho verde hoje ainda,nao_perecivel,ambiente,hortifruti,ambiente,0.4632
L-024890,"Sobrou 34 pacotes de farinha de trigo, validade próxima",nao_perecivel,ambiente,hortifruti,ambiente,0.2806
L-023709,Excedente do dia: 298 latas de sardinha,nao_perecivel,ambiente,congelado,ambiente,0.4205
L-023931,12 pacotes de biscoito em ótimo estado,nao_perecivel,ambiente,padaria,ambiente,0.8339
L-021177,"Temos 17 pacotes de biscoito para doar, vence em breve",nao_perecivel,ambiente,padaria,ambiente,0.9176
L-019903,"Excedente do dia: 90 latas de sardinha, vence em breve",nao_perecivel,ambiente,congelado,ambiente,0.3794
L-022389,15 pacotes de biscoito em ótimo estado hoje ainda,nao_perecivel,ambiente,padaria,ambiente,0.9169
L-020947,"20 pacotes de biscoito em ótimo estado, vence em breve",nao_perecivel,ambiente,padaria,ambiente,0.9577
L-025252,"Temos 22 pacotes de arroz 5 kg para doar, vence em breve",nao_perecivel,ambiente,hortifruti,ambiente,0.7404
L-019576,"Excedente do dia: 33 latas de milho verde, vence em breve",nao_perecivel,ambiente,hortifruti,ambiente,0.4423
L-024866,"15 pacotes de feijão 1 kg em ótimo estado, vence em breve",nao_perecivel,ambiente,hortifruti,ambiente,0.5044
L-021737,"51 pacotes de arroz 5 kg em ótimo estado, vence em breve",nao_perecivel,ambiente,hortifruti,ambiente,0.5608
L-023001,Temos 11 latas de sardinha para doar,nao_perecivel,ambiente,congelado,ambiente,0.4859
L-024927,Temos 31 pacotes de biscoito para doar hoje ainda,nao_perecivel,ambiente,padaria,ambiente,0.8982
L-021359,"51 latas de milho verde, vence em breve",nao_perecivel,ambiente,hortifruti,ambiente,0.4553
L-025516,Excedente do dia: 30 pacotes de macarrão hoje ainda,nao_perecivel,ambiente,padaria,ambiente,0.9605
L-021371,Excedente do dia: 28 latas de sardinha hoje ainda,nao_perecivel,ambiente,hortifruti,ambiente,0.2812
L-020406,"16 latas de milho verde em ótimo estado, validade próxima",nao_perecivel,ambiente,hortifruti,ambiente,0.4259
L-025494,"Excedente do dia: 147 latas de sardinha, validade próxima",nao_perecivel,ambiente,congelado,ambiente,0.4873
L-023703,"21 latas de sardinha, validade próxima",nao_perecivel,ambiente,congelado,ambiente,0.5301
L-024876,"27 pacotes de feijão 1 kg em ótimo estado, validade próxima",nao_perecivel,ambiente,hortifruti,ambiente,0.5734
L-020602,"Temos 23 pacotes de farinha de trigo para doar, validade próxima",nao_perecivel,ambiente,hortifruti,ambiente,0.4542
L-021526,11 latas de sardinha em ótimo estado,nao_perecivel,ambiente,congelado,ambiente,0.2696
L-024046,"10 latas de sardinha em ótimo estado, vence em breve",nao_perecivel,ambiente,congelado,ambiente,0.2799
L-020258,Sobrou 11 cestas básicas hoje ainda,nao_perecivel,ambiente,hortifruti,ambiente,0.2163
L-024670,"Sobrou 62 latas de milho verde, vence em breve",nao_perecivel,ambiente,hortifruti,ambiente,0.5051
L-025320,Sobrou 5 latas de sardinha hoje ainda,nao_perecivel,ambiente,congelado,ambiente,0.2832
L-019994,"Temos 13 pacotes de biscoito para doar, vence em breve",nao_perecivel,ambiente,padaria,ambiente,0.9214
L-020999,Sobrou 9 pacotes de macarrão hoje ainda,nao_perecivel,ambiente,padaria,ambiente,0.8288
L-020633,37 pacotes de arroz 5 kg hoje ainda,nao_perecivel,ambiente,hortifruti,ambiente,0.4137
L-019707,107 pacotes de macarrão,nao_perecivel,ambiente,padaria,ambiente,0.8349
L-025557,"Doação: 3 latas de sardinha. Retirar, vence em breve",nao_perecivel,ambiente,hortifruti,ambiente,0.2329
L-023666,12 pacotes de feijão 1 kg em ótimo estado hoje ainda,nao_perecivel,ambiente,hortifruti,ambiente,0.4192
L-023775,"73 latas de sardinha, vence em breve",nao_perecivel,ambiente,congelado,ambiente,0.4586
L-024661,"Temos 80 pacotes de arroz 5 kg para doar, validade próxima",nao_perecivel,ambiente,hortifruti,ambiente,0.6317
L-022922,"51 cestas básicas em ótimo estado, vence em breve",nao_perecivel,ambiente,hortifruti,ambiente,0.2814
L-020165,Excedente do dia: 11 pacotes de feijão 1 kg hoje ainda,nao_perecivel,ambiente,hortifruti,ambiente,0.4449
L-024503,Doação: 43 cestas básicas. Retirar hoje ainda,nao_perecivel,ambiente,hortifruti,ambiente,0.2587
L-024535,"Sobrou 140 pacotes de macarrão, validade próxima",nao_perecivel,ambiente,padaria,ambiente,0.9062
L-021176,"Excedente do dia: 62 pacotes de biscoito, validade próxima",nao_perecivel,ambiente,padaria,ambiente,0.9061
L-025372,"Temos 25 pacotes de farinha de trigo para doar, vence em breve",nao_perecivel,ambiente,hortifruti,ambiente,0.3987
L-025534,Excedente do dia: 18 latas de milho verde hoje ainda,nao_perecivel,ambiente,hortifruti,ambiente,0.4484
L-023371,"Temos 7 pacotes de farinha de trigo para doar, vence em breve",nao_perecivel,ambiente,hortifruti,ambiente,0.4255
L-019787,"Excedente do dia: 29 pacotes de feijão 1 kg, validade próxima",nao_perecivel,ambiente,hortifruti,ambiente,0.4427
L-024956,4 bolos de milho em ótimo estado,padaria,ambiente,padaria,ambiente,0.9909
L-024233,"1 sacos de pão do dia, vence em breve",padaria,ambiente,padaria,ambiente,0.8851
L-021215,Doação: 2 pães de forma. Retirar,padaria,ambiente,padaria,ambiente,0.3558
L-020448,Doação: 34 pães de forma. Retirar hoje ainda,padaria,ambiente,padaria,ambiente,0.5094
L-024521,Doação: 8 pães franceses. Retirar,padaria,ambiente,padaria,ambiente,0.4109
L-021402,"Doação: 8 bolos de chocolate. Retirar, vence em breve",padaria,ambiente,padaria,ambiente,0.9412
L-023141,"25 sacos de pão do dia em ótimo estado, vence em breve",padaria,ambiente,padaria,ambiente,0.9583
L-021794,1 pães de forma,padaria,ambiente,padaria,ambiente,0.566
L-021069,Doação: 18 bolos de chocolate. Retirar,padaria,ambiente,padaria,ambiente,0.3992
L-023339,Temos 3 pães franceses para doar,padaria,ambiente,padaria,ambiente,0.6972
L-021285,Sobrou 4 pães de forma,padaria,ambiente,padaria,ambiente,0.7386
L-020090,"2 bolos de chocolate, validade próxima",padaria,ambiente,padaria,ambiente,0.9401
L-021229,Excedente do dia: 42 bolos de milho hoje ainda,padaria,ambiente,padaria,ambiente,0.973
L-024990,Excedente do dia: 1 sacos de pão do dia hoje ainda,padaria,ambiente,padaria,ambiente,0.469
L-020848,Excedente do dia: 2 bolos de chocolate,padaria,ambiente,padaria,ambiente,0.8545
L-021710,Temos 7 bolos de chocolate para doar hoje ainda,padaria,ambiente,padaria,ambiente,0.8767
L-022289,4 pães de forma hoje ainda,padaria,ambiente,padaria,ambiente,0.8603
L-019549,"1 pães franceses em ótimo estado, vence em breve",padaria,ambiente,padaria,ambiente,0.9738
L-024787,"Doação: 12 pães franceses. Retirar, vence em breve",padaria,ambiente,padaria,ambiente,0.6587
L-020219,"Excedente do dia: 12 bolos de milho, vence em breve",padaria,ambiente,padaria,ambiente,0.9894
L-023662,Doação: 10 roscas doces. Retirar,padaria,ambiente,padaria,ambiente,0.3011
L-021746,Excedente do dia: 7 pães de forma,padaria,ambiente,padaria,ambiente,0.9307
L-024637,"Sobrou 2 pães franceses, vence em breve",padaria,ambiente,padaria,ambiente,0.9001
L-023958,Doação: 2 sacos de pão do dia. Retirar,padaria,ambiente,padaria,ambiente,0.2875
L-023383,"1 bolos de milho em ótimo estado, vence em breve",padaria,ambiente,padaria,ambiente,0.9923
L-021216,"Temos 2 bolos de chocolate para doar, validade próxima",padaria,ambiente,padaria,ambiente,0.7096
L-021227,8 pães de forma,padaria,ambiente,padaria,ambiente,0.7743
L-022810,"Sobrou 1 bolos de chocolate, vence em breve",padaria,ambiente,padaria,ambiente,0.9704
L-023084,Sobrou 2 sacos de pão do dia hoje ainda,padaria,ambiente,padaria,ambiente,0.3931
L-025782,"Excedente do dia: 8 bolos de milho, vence em breve",padaria,ambiente,padaria,ambiente,0.9905
L-024300,"Doação: 19 pães de forma. Retirar, validade próxima",padaria,ambiente,padaria,ambiente,0.5007
L-023853,Doação: 1 bolos de chocolate. Retirar hoje ainda,padaria,ambiente,padaria,ambiente,0.9004
L-019625,Sobrou 6 bolos de chocolate,padaria,ambiente,padaria,ambiente,0.8451
L-024845,"Excedente do dia: 3 roscas doces, vence em breve",padaria,ambiente,padaria,ambiente,0.9742
L-020952,"Doação: 2 pães de forma. Retirar, validade próxima",padaria,ambiente,padaria,ambiente,0.436
L-021288,Doação: 3 pães franceses. Retirar,padaria,ambiente,padaria,ambiente,0.3853
L-021238,"Excedente do dia: 10 roscas doces, validade próxima",padaria,ambiente,padaria,ambiente,0.9334
L-019489,Excedente do dia: 4 pães de forma,padaria,ambiente,padaria,ambiente,0.9174
L-022177,Excedente do dia: 10 bolos de chocolate,padaria,ambiente,padaria,ambiente,0.9435
L-024053,Excedente do dia: 24 pães de forma,padaria,ambiente,padaria,ambiente,0.9593
L-024510,"Excedente do dia: 7 pães franceses, validade próxima",padaria,ambiente,padaria,ambiente,0.9153
L-024079,Doação: 6 roscas doces. Retirar hoje ainda,padaria,ambiente,padaria,ambiente,0.6872
L-020371,"Doação: 23 pães de forma. Retirar, vence em breve",padaria,ambiente,padaria,ambiente,0.6175
L-020227,"Temos 7 sacos de pão do dia para doar, vence em breve",padaria,ambiente,padaria,ambiente,0.7682
L-025141,"Excedente do dia: 11 roscas doces, vence em breve",padaria,ambiente,padaria,ambiente,0.9625
L-021509,19 pães de forma,padaria,ambiente,padaria,ambiente,0.6909
L-020572,17 bolos de milho,padaria,ambiente,padaria,ambiente,0.9768
L-023028,Excedente do dia: 5 pães de forma,padaria,ambiente,padaria,ambiente,0.9316
L-024632,Temos 6 sacos de pão do dia para doar,padaria,ambiente,padaria,ambiente,0.6438
L-023535,15 bolos de milho,padaria,ambiente,padaria,ambiente,0.9815
L-023113,"5 marmitas de arroz, feijão e frango, em temperatura ambiente, feito hoje ao meio-dia",preparado,ambiente,hortifruti,ambiente,0.7533
L-022729,"Temos 13 marmitas de arroz, feijão e frango para doar, preparado hoje à noite",preparado,ambiente,hortifruti,ambiente,0.7401
L-019885,4 salgados assados em ótimo estado,preparado,ambiente,padaria,ambiente,0.7075
L-021389,"Doação: 4 quentinhas de feijoada. Retirar, preparado agora há pouco",preparado,ambiente,hortifruti,ambiente,0.5296
L-021744,"Sobrou 22 marmitas de macarrão à bolonhesa, feito hoje ao meio-dia, guardado na geladeira",preparado,refrigerado,padaria,ambiente,0.9119
L-021352,"Temos 52 refeições de arroz com carne moída para doar, refrigerado, preparado hoje à noite",preparado,refrigerado,congelado,refrigerado,0.4505
L-021630,"Excedente do dia: 1 salgados assados, preparado agora há pouco",preparado,ambiente,padaria,ambiente,0.733
L-024131,"Excedente do dia: 2 salgados assados, preparado agora há pouco",preparado,refrigerado,padaria,ambiente,0.7274
L-020740,"Doação: 5 porções de legumes refogados com arroz. Retirar, feito hoje ao meio-dia",preparado,ambiente,hortifruti,ambiente,0.3515
L-019504,"Sobrou 26 marmitas de arroz, feijão e frango, preparado agora há pouco, refrigerado",preparado,refrigerado,congelado,refrigerado,0.7654
L-019964,"Doação: 36 refeições de arroz com carne moída, mantido na câmara fria. Retirar, preparado hoje à noite",preparado,refrigerado,congelado,congelado,0.3568
L-023511,"4 refeições de arroz com carne moída em ótimo estado, fora da geladeira, preparado hoje à noite",preparado,ambiente,congelado,ambiente,0.4303
L-021615,"5 refeições de arroz com carne moída em ótimo estado, guardado na geladeira, preparado hoje à noite",preparado,refrigerado,congelado,refrigerado,0.414
L-022090,"Sobrou 6 quentinhas de feijoada, feito no almoço, fora da geladeira",preparado,ambiente,padaria,ambiente,0.5639
L-024559,"12 porções de strogonoff com arroz, no balcão, feito no almoço",preparado,ambiente,padaria,ambiente,0.3589
L-020274,"Temos 13 porções de strogonoff com arroz para doar, fora da geladeira, feito no almoço",preparado,ambiente,padaria,ambiente,0.2856
L-019566,"Doação: 6 marmitas de macarrão à bolonhesa, em temperatura ambiente. Retirar, preparado hoje à noite",preparado,ambiente,padaria,ambiente,0.9693
L-023945,"21 porções de legumes refogados com arroz, mantido na câmara fria, preparado hoje à noite",preparado,refrigerado,hortifruti,ambiente,0.5917
L-022707,"Doação: 63 salgados assados, em temperatura ambiente. Retirar, preparado hoje à noite",preparado,ambiente,padaria,ambiente,0.3821
L-019753,"Excedente do dia: 26 salgados assados, preparado hoje à noite",preparado,refrigerado,padaria,ambiente,0.7717
L-024402,"Sobrou 4 porções de legumes refogados com arroz, preparado agora há pouco, mantido na câmara fria",preparado,refrigerado,hortifruti,ambiente,0.5094
L-022165,"Sobrou 2 marmitas de macarrão à bolonhesa, preparado agora há pouco, no balcão",preparado,ambiente,padaria,ambiente,0.7652
L-020129,"10 marmitas de arroz, feijão e frango em ótimo estado, mantido na câmara fria, preparado hoje à noite",preparado,refrigerado,hortifruti,ambiente,0.5728
L-025245,"Doação: 25 refeições de arroz com carne moída, guardado na geladeira. Retirar, preparado agora há pouco",preparado,refrigerado,congelado,refrigerado,0.381
L-022633,"Excedente do dia: 6 marmitas de arroz, feijão e frango, preparado hoje à noite",preparado,ambiente,hortifruti,ambiente,0.5042
L-023623,"8 marmitas de macarrão à bolonhesa, preparado hoje à noite",preparado,ambiente,padaria,ambiente,0.9554
L-023445,"18 porções de legumes refogados com arroz, guardado na geladeira, preparado hoje à noite",preparado,refrigerado,hortifruti,ambiente,0.6286
L-022007,"Excedente do dia: 19 marmitas de arroz, feijão e frango, feito hoje ao meio-dia",preparado,refrigerado,hortifruti,ambiente,0.5544
L-024037,"Sobrou 31 marmitas de macarrão à bolonhesa, preparado agora há pouco",preparado,ambiente,padaria,ambiente,0.8681
L-021874,"Doação: 6 porções de legumes refogados com arroz, fora da geladeira. Retirar, feito no almoço",preparado,ambiente,hortifruti,ambiente,0.5051
L-020100,"5 refeições de arroz com carne moída em ótimo estado, feito no almoço",preparado,ambiente,padaria,ambiente,0.3553
L-019481,"Sobrou 44 marmitas de arroz, feijão e frango, preparado agora há pouco, fora da geladeira",preparado,ambiente,congelado,ambiente,0.4956
L-021832,"Sobrou 37 marmitas de macarrão à bolonhesa, feito no almoço, mantido na câmara fria",preparado,refrigerado,padaria,ambiente,0.9423
L-025758,"Sobrou 2 porções de strogonoff com arroz, preparado agora há pouco, em temperatura ambiente",preparado,ambiente,hortifruti,ambiente,0.4514
L-021338,"Temos 2 quentinhas de feijoada para doar, fora da geladeira, feito no almoço",preparado,ambiente,hortifruti,ambiente,0.4469
L-020980,"Sobrou 5 marmitas de arroz, feijão e frango, no balcão",preparado,ambiente,hortifruti,ambiente,0.6751
L-019599,"Excedente do dia: 7 porções de strogonoff com arroz, feito hoje ao meio-dia",preparado,refrigerado,hortifruti,ambiente,0.2844
L-023480,"Sobrou 2 quentinhas de feijoada, feito no almoço, refrigerado",preparado,refrigerado,hortifruti,ambiente,0.4257
L-020701,"Doação: 11 refeições de arroz com carne moída, guardado na geladeira. Retirar, feito no almoço",preparado,refrigerado,congelado,refrigerado,0.4001
L-025674,"41 porções de strogonoff com arroz em ótimo estado, mantido na câmara fria",preparado,refrigerado,hortifruti,ambiente,0.335
L-025508,"Doação: 5 refeições de arroz com carne moída, fora da geladeira. Retirar, preparado hoje à noite",preparado,ambiente,congelado,ambiente,0.4128
L-025437,"15 salgados assados em ótimo estado, mantido na câmara fria",preparado,refrigerado,padaria,ambiente,0.5845
L-020425,"Temos 11 porções de strogonoff com arroz para doar, feito no almoço",preparado,ambiente,hortifruti,ambiente,0.4541
L-022332,"20 marmitas de macarrão à bolonhesa em ótimo estado, preparado agora há pouco",preparado,ambiente,padaria,ambiente,0.9176
L-020457,"14 marmitas de arroz, feijão e frango, refrigerado",preparado,refrigerado,congelado,refrigerado,0.873
L-019924,"Excedente do dia: 9 marmitas de arroz, feijão e frango, feito hoje ao meio-dia",preparado,ambiente,hortifruti,ambiente,0.5784
L-019773,"Doação: 25 quentinhas de feijoada, refrigerado. Retirar, feito hoje ao meio-dia",preparado,refrigerado,hortifruti,ambiente,0.4814
L-023833,"Temos 4 porções de strogonoff com arroz para doar, refrigerado, preparado hoje à noite",preparado,refrigerado,hortifruti,ambiente,0.2316
L-020124,"Temos 15 porções de legumes refogados com arroz para doar, feito hoje ao meio-dia",preparado,ambiente,hortifruti,ambiente,0.7225
L-025183,19 porções de legumes refogados com arroz em ótimo estado,preparado,ambiente,hortifruti,ambiente,0.7388
L-024355,"8 bandejas de frios, mantido na câmara fria, validade próxima",refrigerado,refrigerado,hortifruti,ambiente,0.2651
L-023948,"Doação: 54 potes de iogurte natural, refrigerado. Retirar hoje ainda",refrigerado,refrigerado,padaria,ambiente,0.2238
L-022734,"Sobrou 11 garrafas de leite fermentado, validade próxima, guardado na geladeira",refrigerado,refrigerado,hortifruti,ambiente,0.3377
L-022300,"Sobrou 17 iogurtes, guardado na geladeira",refrigerado,refrigerado,hortifruti,ambiente,0.5416
L-025450,"Doação: 19 garrafas de leite fermentado, guardado na geladeira. Retirar, validade próxima",refrigerado,refrigerado,hortifruti,ambiente,0.2321
L-023341,"12 bandejas de queijo muçarela em ótimo estado, refrigerado, vence em breve",refrigerado,refrigerado,padaria,ambiente,0.532
L-023873,"Sobrou 44 iogurtes, validade próxima, mantido na câmara fria",refrigerado,refrigerado,refrigerado,congelado,0.4066
L-021180,"63 garrafas de leite fermentado em ótimo estado, mantido na câmara fria, vence em breve",refrigerado,refrigerado,hortifruti,ambiente,0.2979
L-021819,"2 pacotes de presunto fatiado, mantido na câmara fria, vence em breve",refrigerado,refrigerado,congelado,congelado,0.4056
L-022701,"Temos 13 bandejas de frios para doar, refrigerado hoje ainda",refrigerado,refrigerado,padaria,ambiente,0.2112
L-025752,"Sobrou 30 potes de iogurte natural, mantido na câmara fria",refrigerado,refrigerado,refrigerado,congelado,0.5117
L-025381,"Temos 38 potes de requeijão para doar, em temperatura ambiente, validade próxima",refrigerado,ambiente,hortifruti,ambiente,0.5154
L-022234,Excedente do dia: 51 potes de requeijão,refrigerado,ambiente,padaria,ambiente,0.2755
L-022322,"13 potes de iogurte natural em ótimo estado, refrigerado",refrigerado,refrigerado,refrigerado,refrigerado,0.3738
L-019495,"21 potes de requeijão em ótimo estado, refrigerado hoje ainda",refrigerado,refrigerado,padaria,ambiente,0.3574
L-024433,"Doação: 2 bandejas de queijo muçarela, guardado na geladeira. Retirar hoje ainda",refrigerado,refrigerado,refrigerado,refrigerado,0.2546
L-020503,"9 garrafas de leite fermentado em ótimo estado, guardado na geladeira, validade próxima",refrigerado,refrigerado,hortifruti,ambiente,0.2973
L-025011,"12 garrafas de leite fermentado em ótimo estado, refrigerado",refrigerado,refrigerado,hortifruti,ambiente,0.2265
L-023091,"4 potes de iogurte natural, validade próxima",refrigerado,ambiente,hortifruti,ambiente,0.4032
L-019721,"16 bandejas de frios, fora da geladeira, vence em breve",refrigerado,ambiente,padaria,ambiente,0.2748
L-023264,"Sobrou 5 potes de requeijão, validade próxima, guardado na geladeira",refrigerado,refrigerado,padaria,ambiente,0.3315
L-022476,"15 bandejas de queijo muçarela, refrigerado hoje ainda",refrigerado,refrigerado,padaria,ambiente,0.5663
L-025780,"25 potes de requeijão em ótimo estado, fora da geladeira",refrigerado,ambiente,hortifruti,ambiente,0.3072
L-024080,"Temos 16 garrafas de leite fermentado para doar, guardado na geladeira, validade próxima",refrigerado,refrigerado,hortifruti,ambiente,0.3903
L-025005,"Sobrou 14 bandejas de frios hoje ainda, mantido na câmara fria",refrigerado,refrigerado,hortifruti,ambiente,0.2117
L-025203,"Temos 3 bandejas de frios para doar, mantido na câmara fria, validade próxima",refrigerado,refrigerado,hortifruti,ambiente,0.2394
L-024414,"Doação: 25 garrafas de leite fermentado, mantido na câmara fria. Retirar, validade próxima",refrigerado,refrigerado,preparado,congelado,0.2359
L-020198,"Sobrou 23 bandejas de frios, vence em breve, guardado na geladeira",refrigerado,refrigerado,hortifruti,ambiente,0.2009
L-020559,"Excedente do dia: 8 bandejas de queijo muçarela, vence em breve",refrigerado,ambiente,padaria,ambiente,0.755
L-023043,"Sobrou 42 bandejas de frios, validade próxima, guardado na geladeira",refrigerado,refrigerado,hortifruti,ambiente,0.2407
L-023834,"5 potes de requeijão, mantido na câmara fria",refrigerado,refrigerado,hortifruti,ambiente,0.2579
L-020104,"15 garrafas de leite fermentado em ótimo estado, guardado na geladeira",refrigerado,refrigerado,hortifruti,ambiente,0.2802
L-024988,"Excedente do dia: 5 garrafas de leite fermentado, vence em breve",refrigerado,refrigerado,hortifruti,ambiente,0.2811
L-021724,"Excedente do dia: 25 potes de iogurte natural, vence em breve",refrigerado,refrigerado,hortifruti,ambiente,0.3425
L-022918,"28 bandejas de frios em ótimo estado, guardado na geladeira",refrigerado,refrigerado,refrigerado,refrigerado,0.2296
L-022233,"5 potes de requeijão, guardado na geladeira hoje ainda",refrigerado,refrigerado,hortifruti,ambiente,0.3549
L-023174,"8 pacotes de presunto fatiado em ótimo estado, refrigerado",refrigerado,refrigerado,congelado,refrigerado,0.5092
L-020151,"Temos 4 garrafas de leite fermentado para doar, guardado na geladeira",refrigerado,refrigerado,hortifruti,ambiente,0.4034
L-021921,Excedente do dia: 1 iogurtes,refrigerado,refrigerado,hortifruti,ambiente,0.2928
L-020313,"Sobrou 14 potes de requeijão hoje ainda, guardado na geladeira",refrigerado,refrigerado,hortifruti,ambiente,0.3846
L-024768,"Temos 19 potes de requeijão para doar, guardado na geladeira",refrigerado,refrigerado,hortifruti,ambiente,0.3682
L-022020,"Doação: 4 bandejas de frios, mantido na câmara fria. Retirar, validade próxima",refrigerado,refrigerado,hortifruti,ambiente,0.2353
L-020843,"Doação: 8 iogurtes, guardado na geladeira. Retirar, vence em breve",refrigerado,refrigerado,hortifruti,ambiente,0.2078
L-019717,"Doação: 30 pacotes de presunto fatiado, refrigerado. Retirar, validade próxima",refrigerado,refrigerado,congelado,congelado,0.4012
L-024065,"12 garrafas de leite fermentado em ótimo estado, guardado na geladeira hoje ainda",refrigerado,refrigerado,hortifruti,ambiente,0.3076
L-024877,"6 bandejas de frios, refrigerado hoje ainda",refrigerado,refrigerado,padaria,ambiente,0.249
L-024311,"Sobrou 8 bandejas de queijo muçarela, validade próxima, refrigerado",refrigerado,refrigerado,padaria,ambiente,0.488
L-020915,"Excedente do dia: 16 bandejas de frios, validade próxima",refrigerado,refrigerado,padaria,ambiente,0.3981
L-019710,"Excedente do dia: 30 potes de iogurte natural, validade próxima",refrigerado,refrigerado,hortifruti,ambiente,0.2927
L-019783,"8 garrafas de leite fermentado em ótimo estado, mantido na câmara fria",refrigerado,refrigerado,hortifruti,ambiente,0.2409
