lote_id,descricao_texto,categoria,armazenamento,cat_sim,arm_sim
L-021589,"Sobrou 3 pacotes de frango congelado, vence em breve, no freezer",congelado,congelado,congelado,congelado
L-025392,"Temos 4 peças de acém congelado para doar, no freezer, vence em breve",congelado,congelado,congelado,congelado
L-020721,"Doação: 27 peças de acém congelado, no freezer. Retirar, vence em breve",congelado,congelado,congelado,congelado
L-023404,"Doação: 12 carne moída congelada, congelado. Retirar, validade próxima",congelado,congelado,congelado,congelado
L-022758,Excedente do dia: 13 caixas de hambúrguer congelado,congelado,congelado,congelado,congelado
L-022358,"Sobrou 27 pacotes de coxa de frango congelada, no freezer",congelado,congelado,congelado,congelado
L-024760,Excedente do dia: 25 peças de acém congelado,congelado,congelado,congelado,congelado
L-022273,"7 caixas de hambúrguer congelado, no freezer",congelado,congelado,congelado,congelado
L-019690,"39 carne moída congelada, no freezer",congelado,congelado,congelado,congelado
L-021760,"Sobrou 7 carne moída congelada, no freezer",congelado,congelado,congelado,congelado
L-022799,"Sobrou 8 pacotes de coxa de frango congelada, validade próxima, congelado",congelado,congelado,congelado,congelado
L-025576,"Doação: 52 pacotes de coxa de frango congelada, congelado. Retirar, vence em breve",congelado,congelado,congelado,congelado
L-020404,"20 carne moída congelada em ótimo estado, congelado, vence em breve",congelado,congelado,congelado,congelado
L-025671,"Excedente do dia: 3 caixas de hambúrguer congelado, validade próxima",congelado,congelado,congelado,congelado
L-024554,"58 peças de acém congelado em ótimo estado, no freezer, vence em breve",congelado,congelado,congelado,congelado
L-021453,"Temos 13 caixas de hambúrguer congelado para doar, no freezer",congelado,congelado,congelado,congelado
L-020739,"12 peças de acém congelado em ótimo estado, no freezer",congelado,congelado,congelado,congelado
L-019590,"38 carne moída congelada, no freezer, validade próxima",congelado,congelado,congelado,congelado
L-024833,"Sobrou 20 pacotes de coxa de frango congelada, validade próxima, congelado",congelado,congelado,congelado,congelado
L-025074,"Doação: 26 pacotes de coxa de frango congelada, no freezer. Retirar",congelado,congelado,congelado,congelado
L-022352,"22 caixas de hambúrguer congelado, no freezer",congelado,congelado,congelado,congelado
L-024953,"2 caixas de hambúrguer congelado, no freezer hoje ainda",congelado,congelado,congelado,congelado
L-025594,"Temos 7 pacotes de coxa de frango congelada para doar, congelado hoje ainda",congelado,congelado,congelado,congelado
L-022032,"33 caixas de hambúrguer congelado, congelado",congelado,congelado,congelado,congelado
L-021383,"57 pacotes de coxa de frango congelada em ótimo estado, no freezer, validade próxima",congelado,congelado,congelado,congelado
L-025545,"Sobrou 4 pacotes de frango congelado, validade próxima, congelado",congelado,congelado,congelado,congelado
L-025571,"21 pacotes de coxa de frango congelada em ótimo estado, no freezer, vence em breve",congelado,congelado,congelado,congelado
L-022118,"30 peças de acém congelado em ótimo estado, no freezer, vence em breve",congelado,congelado,congelado,congelado
L-021006,"35 caixas de hambúrguer congelado em ótimo estado, congelado hoje ainda",congelado,congelado,congelado,congelado
L-024173,"25 caixas de hambúrguer congelado, no freezer hoje ainda",congelado,congelado,congelado,congelado
L-020615,"Sobrou 58 pacotes de frango congelado, validade próxima, no freezer",congelado,congelado,congelado,congelado
L-020887,"Temos 17 pacotes de frango congelado para doar, congelado hoje ainda",congelado,congelado,congelado,congelado
L-025729,"Doação: 76 pacotes de frango congelado, no freezer. Retirar",congelado,congelado,congelado,congelado
L-022255,Excedente do dia: 30 pacotes de frango congelado,congelado,congelado,congelado,congelado
L-020981,"Sobrou 6 pacotes de frango congelado, vence em breve, congelado",congelado,congelado,congelado,congelado
L-023150,"Doação: 32 caixas de hambúrguer congelado, congelado. Retirar, validade próxima",congelado,congelado,congelado,congelado
L-025723,"Doação: 6 pacotes de frango congelado, no freezer. Retirar",congelado,congelado,congelado,congelado
L-022176,"Temos 10 carne moída congelada para doar, no freezer, vence em breve",congelado,congelado,congelado,congelado
L-023071,"Doação: 7 pacotes de frango congelado, congelado. Retirar, vence em breve",congelado,congelado,congelado,congelado
L-021039,"Temos 16 pacotes de frango congelado para doar, congelado",congelado,congelado,congelado,congelado
L-022784,"19 carne moída congelada, congelado, validade próxima",congelado,congelado,congelado,congelado
L-021075,"8 pacotes de frango congelado, no freezer, validade próxima",congelado,congelado,congelado,congelado
L-025535,"Excedente do dia: 372 caixas de hambúrguer congelado, vence em breve",congelado,congelado,congelado,congelado
L-022973,"Doação: 26 pacotes de coxa de frango congelada, no freezer. Retirar, validade próxima",congelado,congelado,congelado,congelado
L-023490,"6 pacotes de frango congelado em ótimo estado, congelado",congelado,congelado,congelado,congelado
L-020299,"24 peças de acém congelado em ótimo estado, no freezer, validade próxima",congelado,congelado,congelado,congelado
L-020099,"Temos 3 peças de acém congelado para doar, congelado, vence em breve",congelado,congelado,congelado,congelado
L-020172,"Temos 77 peças de acém congelado para doar, no freezer, vence em breve",congelado,congelado,congelado,congelado
L-025586,"Sobrou 92 peças de acém congelado hoje ainda, congelado",congelado,congelado,congelado,congelado
L-022304,"Excedente do dia: 27 carne moída congelada, vence em breve",congelado,congelado,congelado,congelado
L-025614,Temos 20 legumes variados para doar,hortifruti,ambiente,hortifruti,ambiente
L-019930,"19 caixas de laranja, vence em breve",hortifruti,ambiente,hortifruti,ambiente
L-020018,"23 maços de alface em ótimo estado, validade próxima",hortifruti,ambiente,refrigerado,ambiente
L-021004,"79 caixas de banana, validade próxima",hortifruti,ambiente,hortifruti,ambiente
L-024255,"Sobrou 57 caixas de maçã, validade próxima",hortifruti,ambiente,hortifruti,ambiente
L-025611,"49 caixas de laranja em ótimo estado, vence em breve",hortifruti,ambiente,hortifruti,ambiente
L-020938,9 legumes variados hoje ainda,hortifruti,ambiente,hortifruti,ambiente
L-020923,"26 sacos de cenoura, validade próxima",hortifruti,ambiente,hortifruti,ambiente
L-025173,"19 sacos de batata em ótimo estado, validade próxima",hortifruti,ambiente,hortifruti,ambiente
L-020822,14 maços de alface em ótimo estado,hortifruti,ambiente,refrigerado,ambiente
L-019538,24 maços de alface em ótimo estado,hortifruti,ambiente,refrigerado,ambiente
L-021739,"Temos 41 caixas de banana para doar, validade próxima",hortifruti,ambiente,hortifruti,ambiente
L-020702,Temos 19 legumes variados para doar,hortifruti,ambiente,hortifruti,ambiente
L-023935,"4 caixas de laranja em ótimo estado, validade próxima",hortifruti,ambiente,hortifruti,ambiente
L-020607,Excedente do dia: 12 caixas de tomate hoje ainda,hortifruti,ambiente,hortifruti,ambiente
L-022471,"10 caixas de banana, vence em breve",hortifruti,ambiente,hortifruti,ambiente
L-020381,"Doação: 60 sacos de batata. Retirar, validade próxima",hortifruti,ambiente,hortifruti,ambiente
L-025675,"Sobrou 4 caixas de banana, validade próxima",hortifruti,ambiente,hortifruti,ambiente
L-024811,"Doação: 37 caixas de laranja. Retirar, vence em breve",hortifruti,ambiente,hortifruti,ambiente
L-023737,Doação: 14 caixas de maçã. Retirar,hortifruti,ambiente,hortifruti,ambiente
L-023310,Doação: 74 caixas de tomate. Retirar,hortifruti,ambiente,hortifruti,ambiente
L-019542,"Excedente do dia: 43 sacos de cenoura, vence em breve",hortifruti,ambiente,hortifruti,ambiente
L-025522,Doação: 9 sacos de batata. Retirar,hortifruti,ambiente,hortifruti,ambiente
L-019790,"Doação: 14 sacos de batata. Retirar, vence em breve",hortifruti,ambiente,hortifruti,ambiente
L-025412,Temos 11 sacos de cenoura para doar,hortifruti,ambiente,hortifruti,ambiente
L-025161,"Sobrou 16 caixas de tomate, validade próxima",hortifruti,ambiente,hortifruti,ambiente
L-024379,"Doação: 10 sacos de cenoura. Retirar, validade próxima",hortifruti,ambiente,hortifruti,ambiente
L-025352,27 caixas de maçã hoje ainda,hortifruti,ambiente,hortifruti,ambiente
L-024615,Excedente do dia: 32 legumes variados,hortifruti,ambiente,hortifruti,ambiente
L-022912,"Doação: 56 sacos de batata. Retirar, validade próxima",hortifruti,ambiente,hortifruti,ambiente
L-024947,Excedente do dia: 16 legumes variados hoje ainda,hortifruti,ambiente,hortifruti,ambiente
L-021564,Doação: 16 caixas de banana. Retirar,hortifruti,ambiente,hortifruti,ambiente
L-025447,Doação: 17 maços de alface. Retirar hoje ainda,hortifruti,ambiente,refrigerado,ambiente
L-021642,Doação: 8 caixas de tomate. Retirar,hortifruti,ambiente,hortifruti,ambiente
L-023704,Temos 8 sacos de cenoura para doar hoje ainda,hortifruti,ambiente,hortifruti,ambiente
L-022150,"Sobrou 10 caixas de maçã, validade próxima",hortifruti,ambiente,hortifruti,ambiente
L-020375,59 legumes variados em ótimo estado,hortifruti,ambiente,hortifruti,ambiente
L-024997,"Temos 7 legumes variados para doar, vence em breve",hortifruti,ambiente,hortifruti,ambiente
L-023271,"9 caixas de laranja, validade próxima",hortifruti,ambiente,hortifruti,ambiente
L-023279,"29 caixas de tomate, validade próxima",hortifruti,ambiente,hortifruti,ambiente
L-021399,"Doação: 14 maços de alface. Retirar, validade próxima",hortifruti,ambiente,refrigerado,ambiente
L-023054,"Excedente do dia: 6 caixas de laranja, vence em breve",hortifruti,ambiente,hortifruti,ambiente
L-022161,20 sacos de batata hoje ainda,hortifruti,ambiente,preparado,ambiente
L-024806,Doação: 24 caixas de tomate. Retirar,hortifruti,ambiente,hortifruti,ambiente
L-022143,"Doação: 60 maços de alface. Retirar, vence em breve",hortifruti,ambiente,preparado,ambiente
L-024842,3 sacos de cenoura em ótimo estado,hortifruti,ambiente,hortifruti,ambiente
L-025413,"26 sacos de cenoura, vence em breve",hortifruti,ambiente,hortifruti,ambiente
L-024110,17 caixas de laranja hoje ainda,hortifruti,ambiente,hortifruti,ambiente
L-021966,Sobrou 5 caixas de banana hoje ainda,hortifruti,ambiente,hortifruti,ambiente
L-019756,Excedente do dia: 43 legumes variados,hortifruti,ambiente,hortifruti,ambiente
L-024841,"7 pacotes de arroz 5 kg em ótimo estado, vence em breve",nao_perecivel,ambiente,preparado,ambiente
L-025385,Temos 70 pacotes de biscoito para doar hoje ainda,nao_perecivel,ambiente,nao_perecivel,ambiente
L-019819,6 pacotes de feijão 1 kg,nao_perecivel,ambiente,nao_perecivel,ambiente
L-024921,"Doação: 16 pacotes de farinha de trigo. Retirar, validade próxima",nao_perecivel,ambiente,nao_perecivel,ambiente
L-023950,Excedente do dia: 71 pacotes de biscoito,nao_perecivel,ambiente,padaria,ambiente
L-022095,Sobrou 28 pacotes de feijão 1 kg hoje ainda,nao_perecivel,ambiente,nao_perecivel,ambiente
L-022772,Excedente do dia: 14 latas de milho verde hoje ainda,nao_perecivel,ambiente,nao_perecivel,ambiente
L-024890,"Sobrou 34 pacotes de farinha de trigo, validade próxima",nao_perecivel,ambiente,nao_perecivel,ambiente
L-023709,Excedente do dia: 298 latas de sardinha,nao_perecivel,ambiente,preparado,ambiente
L-023931,12 pacotes de biscoito em ótimo estado,nao_perecivel,ambiente,nao_perecivel,ambiente
L-021177,"Temos 17 pacotes de biscoito para doar, vence em breve",nao_perecivel,ambiente,nao_perecivel,ambiente
L-019903,"Excedente do dia: 90 latas de sardinha, vence em breve",nao_perecivel,ambiente,preparado,ambiente
L-022389,15 pacotes de biscoito em ótimo estado hoje ainda,nao_perecivel,ambiente,padaria,ambiente
L-020947,"20 pacotes de biscoito em ótimo estado, vence em breve",nao_perecivel,ambiente,padaria,ambiente
L-025252,"Temos 22 pacotes de arroz 5 kg para doar, vence em breve",nao_perecivel,ambiente,preparado,refrigerado
L-019576,"Excedente do dia: 33 latas de milho verde, vence em breve",nao_perecivel,ambiente,hortifruti,ambiente
L-024866,"15 pacotes de feijão 1 kg em ótimo estado, vence em breve",nao_perecivel,ambiente,nao_perecivel,ambiente
L-021737,"51 pacotes de arroz 5 kg em ótimo estado, vence em breve",nao_perecivel,ambiente,preparado,refrigerado
L-023001,Temos 11 latas de sardinha para doar,nao_perecivel,ambiente,refrigerado,refrigerado
L-024927,Temos 31 pacotes de biscoito para doar hoje ainda,nao_perecivel,ambiente,nao_perecivel,ambiente
L-021359,"51 latas de milho verde, vence em breve",nao_perecivel,ambiente,nao_perecivel,ambiente
L-025516,Excedente do dia: 30 pacotes de macarrão hoje ainda,nao_perecivel,ambiente,preparado,ambiente
L-021371,Excedente do dia: 28 latas de sardinha hoje ainda,nao_perecivel,ambiente,preparado,ambiente
L-020406,"16 latas de milho verde em ótimo estado, validade próxima",nao_perecivel,ambiente,nao_perecivel,ambiente
L-025494,"Excedente do dia: 147 latas de sardinha, validade próxima",nao_perecivel,ambiente,preparado,ambiente
L-023703,"21 latas de sardinha, validade próxima",nao_perecivel,ambiente,refrigerado,refrigerado
L-024876,"27 pacotes de feijão 1 kg em ótimo estado, validade próxima",nao_perecivel,ambiente,nao_perecivel,ambiente
L-020602,"Temos 23 pacotes de farinha de trigo para doar, validade próxima",nao_perecivel,ambiente,nao_perecivel,ambiente
L-021526,11 latas de sardinha em ótimo estado,nao_perecivel,ambiente,refrigerado,ambiente
L-024046,"10 latas de sardinha em ótimo estado, vence em breve",nao_perecivel,ambiente,preparado,ambiente
L-020258,Sobrou 11 cestas básicas hoje ainda,nao_perecivel,ambiente,nao_perecivel,ambiente
L-024670,"Sobrou 62 latas de milho verde, vence em breve",nao_perecivel,ambiente,nao_perecivel,ambiente
L-025320,Sobrou 5 latas de sardinha hoje ainda,nao_perecivel,ambiente,preparado,refrigerado
L-019994,"Temos 13 pacotes de biscoito para doar, vence em breve",nao_perecivel,ambiente,padaria,ambiente
L-020999,Sobrou 9 pacotes de macarrão hoje ainda,nao_perecivel,ambiente,preparado,refrigerado
L-020633,37 pacotes de arroz 5 kg hoje ainda,nao_perecivel,ambiente,nao_perecivel,ambiente
L-019707,107 pacotes de macarrão,nao_perecivel,ambiente,preparado,refrigerado
L-025557,"Doação: 3 latas de sardinha. Retirar, vence em breve",nao_perecivel,ambiente,preparado,ambiente
L-023666,12 pacotes de feijão 1 kg em ótimo estado hoje ainda,nao_perecivel,ambiente,nao_perecivel,ambiente
L-023775,"73 latas de sardinha, vence em breve",nao_perecivel,ambiente,preparado,ambiente
L-024661,"Temos 80 pacotes de arroz 5 kg para doar, validade próxima",nao_perecivel,ambiente,nao_perecivel,ambiente
L-022922,"51 cestas básicas em ótimo estado, vence em breve",nao_perecivel,ambiente,nao_perecivel,ambiente
L-020165,Excedente do dia: 11 pacotes de feijão 1 kg hoje ainda,nao_perecivel,ambiente,nao_perecivel,ambiente
L-024503,Doação: 43 cestas básicas. Retirar hoje ainda,nao_perecivel,ambiente,nao_perecivel,ambiente
L-024535,"Sobrou 140 pacotes de macarrão, validade próxima",nao_perecivel,ambiente,preparado,refrigerado
L-021176,"Excedente do dia: 62 pacotes de biscoito, validade próxima",nao_perecivel,ambiente,padaria,ambiente
L-025372,"Temos 25 pacotes de farinha de trigo para doar, vence em breve",nao_perecivel,ambiente,nao_perecivel,ambiente
L-025534,Excedente do dia: 18 latas de milho verde hoje ainda,nao_perecivel,ambiente,nao_perecivel,ambiente
L-023371,"Temos 7 pacotes de farinha de trigo para doar, vence em breve",nao_perecivel,ambiente,nao_perecivel,ambiente
L-019787,"Excedente do dia: 29 pacotes de feijão 1 kg, validade próxima",nao_perecivel,ambiente,nao_perecivel,ambiente
L-024956,4 bolos de milho em ótimo estado,padaria,ambiente,nao_perecivel,ambiente
L-024233,"1 sacos de pão do dia, vence em breve",padaria,ambiente,padaria,ambiente
L-021215,Doação: 2 pães de forma. Retirar,padaria,ambiente,padaria,ambiente
L-020448,Doação: 34 pães de forma. Retirar hoje ainda,padaria,ambiente,padaria,ambiente
L-024521,Doação: 8 pães franceses. Retirar,padaria,ambiente,padaria,ambiente
L-021402,"Doação: 8 bolos de chocolate. Retirar, vence em breve",padaria,ambiente,padaria,ambiente
L-023141,"25 sacos de pão do dia em ótimo estado, vence em breve",padaria,ambiente,padaria,ambiente
L-021794,1 pães de forma,padaria,ambiente,padaria,ambiente
L-021069,Doação: 18 bolos de chocolate. Retirar,padaria,ambiente,padaria,ambiente
L-023339,Temos 3 pães franceses para doar,padaria,ambiente,padaria,ambiente
L-021285,Sobrou 4 pães de forma,padaria,ambiente,padaria,ambiente
L-020090,"2 bolos de chocolate, validade próxima",padaria,ambiente,padaria,ambiente
L-021229,Excedente do dia: 42 bolos de milho hoje ainda,padaria,ambiente,padaria,ambiente
L-024990,Excedente do dia: 1 sacos de pão do dia hoje ainda,padaria,ambiente,padaria,ambiente
L-020848,Excedente do dia: 2 bolos de chocolate,padaria,ambiente,padaria,ambiente
L-021710,Temos 7 bolos de chocolate para doar hoje ainda,padaria,ambiente,padaria,ambiente
L-022289,4 pães de forma hoje ainda,padaria,ambiente,padaria,ambiente
L-019549,"1 pães franceses em ótimo estado, vence em breve",padaria,ambiente,padaria,ambiente
L-024787,"Doação: 12 pães franceses. Retirar, vence em breve",padaria,ambiente,padaria,ambiente
L-020219,"Excedente do dia: 12 bolos de milho, vence em breve",padaria,ambiente,nao_perecivel,ambiente
L-023662,Doação: 10 roscas doces. Retirar,padaria,ambiente,hortifruti,ambiente
L-021746,Excedente do dia: 7 pães de forma,padaria,ambiente,padaria,ambiente
L-024637,"Sobrou 2 pães franceses, vence em breve",padaria,ambiente,padaria,ambiente
L-023958,Doação: 2 sacos de pão do dia. Retirar,padaria,ambiente,padaria,ambiente
L-023383,"1 bolos de milho em ótimo estado, vence em breve",padaria,ambiente,padaria,ambiente
L-021216,"Temos 2 bolos de chocolate para doar, validade próxima",padaria,ambiente,padaria,ambiente
L-021227,8 pães de forma,padaria,ambiente,padaria,ambiente
L-022810,"Sobrou 1 bolos de chocolate, vence em breve",padaria,ambiente,padaria,ambiente
L-023084,Sobrou 2 sacos de pão do dia hoje ainda,padaria,ambiente,padaria,ambiente
L-025782,"Excedente do dia: 8 bolos de milho, vence em breve",padaria,ambiente,nao_perecivel,ambiente
L-024300,"Doação: 19 pães de forma. Retirar, validade próxima",padaria,ambiente,padaria,ambiente
L-023853,Doação: 1 bolos de chocolate. Retirar hoje ainda,padaria,ambiente,padaria,ambiente
L-019625,Sobrou 6 bolos de chocolate,padaria,ambiente,padaria,ambiente
L-024845,"Excedente do dia: 3 roscas doces, vence em breve",padaria,ambiente,hortifruti,ambiente
L-020952,"Doação: 2 pães de forma. Retirar, validade próxima",padaria,ambiente,padaria,ambiente
L-021288,Doação: 3 pães franceses. Retirar,padaria,ambiente,padaria,ambiente
L-021238,"Excedente do dia: 10 roscas doces, validade próxima",padaria,ambiente,hortifruti,ambiente
L-019489,Excedente do dia: 4 pães de forma,padaria,ambiente,padaria,ambiente
L-022177,Excedente do dia: 10 bolos de chocolate,padaria,ambiente,padaria,ambiente
L-024053,Excedente do dia: 24 pães de forma,padaria,ambiente,padaria,ambiente
L-024510,"Excedente do dia: 7 pães franceses, validade próxima",padaria,ambiente,padaria,ambiente
L-024079,Doação: 6 roscas doces. Retirar hoje ainda,padaria,ambiente,hortifruti,ambiente
L-020371,"Doação: 23 pães de forma. Retirar, vence em breve",padaria,ambiente,padaria,ambiente
L-020227,"Temos 7 sacos de pão do dia para doar, vence em breve",padaria,ambiente,padaria,ambiente
L-025141,"Excedente do dia: 11 roscas doces, vence em breve",padaria,ambiente,hortifruti,ambiente
L-021509,19 pães de forma,padaria,ambiente,padaria,ambiente
L-020572,17 bolos de milho,padaria,ambiente,nao_perecivel,ambiente
L-023028,Excedente do dia: 5 pães de forma,padaria,ambiente,padaria,ambiente
L-024632,Temos 6 sacos de pão do dia para doar,padaria,ambiente,padaria,ambiente
L-023535,15 bolos de milho,padaria,ambiente,nao_perecivel,ambiente
L-023113,"5 marmitas de arroz, feijão e frango, em temperatura ambiente, feito hoje ao meio-dia",preparado,ambiente,preparado,ambiente
L-022729,"Temos 13 marmitas de arroz, feijão e frango para doar, preparado hoje à noite",preparado,ambiente,preparado,ambiente
L-019885,4 salgados assados em ótimo estado,preparado,ambiente,preparado,ambiente
L-021389,"Doação: 4 quentinhas de feijoada. Retirar, preparado agora há pouco",preparado,ambiente,nao_perecivel,ambiente
L-021744,"Sobrou 22 marmitas de macarrão à bolonhesa, feito hoje ao meio-dia, guardado na geladeira",preparado,refrigerado,preparado,refrigerado
L-021352,"Temos 52 refeições de arroz com carne moída para doar, refrigerado, preparado hoje à noite",preparado,refrigerado,preparado,ambiente
L-021630,"Excedente do dia: 1 salgados assados, preparado agora há pouco",preparado,ambiente,preparado,ambiente
L-024131,"Excedente do dia: 2 salgados assados, preparado agora há pouco",preparado,refrigerado,preparado,ambiente
L-020740,"Doação: 5 porções de legumes refogados com arroz. Retirar, feito hoje ao meio-dia",preparado,ambiente,preparado,ambiente
L-019504,"Sobrou 26 marmitas de arroz, feijão e frango, preparado agora há pouco, refrigerado",preparado,refrigerado,preparado,refrigerado
L-019964,"Doação: 36 refeições de arroz com carne moída, mantido na câmara fria. Retirar, preparado hoje à noite",preparado,refrigerado,preparado,refrigerado
L-023511,"4 refeições de arroz com carne moída em ótimo estado, fora da geladeira, preparado hoje à noite",preparado,ambiente,preparado,refrigerado
L-021615,"5 refeições de arroz com carne moída em ótimo estado, guardado na geladeira, preparado hoje à noite",preparado,refrigerado,preparado,refrigerado
L-022090,"Sobrou 6 quentinhas de feijoada, feito no almoço, fora da geladeira",preparado,ambiente,nao_perecivel,ambiente
L-024559,"12 porções de strogonoff com arroz, no balcão, feito no almoço",preparado,ambiente,preparado,refrigerado
L-020274,"Temos 13 porções de strogonoff com arroz para doar, fora da geladeira, feito no almoço",preparado,ambiente,preparado,refrigerado
L-019566,"Doação: 6 marmitas de macarrão à bolonhesa, em temperatura ambiente. Retirar, preparado hoje à noite",preparado,ambiente,preparado,refrigerado
L-023945,"21 porções de legumes refogados com arroz, mantido na câmara fria, preparado hoje à noite",preparado,refrigerado,preparado,refrigerado
L-022707,"Doação: 63 salgados assados, em temperatura ambiente. Retirar, preparado hoje à noite",preparado,ambiente,congelado,ambiente
L-019753,"Excedente do dia: 26 salgados assados, preparado hoje à noite",preparado,refrigerado,preparado,ambiente
L-024402,"Sobrou 4 porções de legumes refogados com arroz, preparado agora há pouco, mantido na câmara fria",preparado,refrigerado,preparado,refrigerado
L-022165,"Sobrou 2 marmitas de macarrão à bolonhesa, preparado agora há pouco, no balcão",preparado,ambiente,preparado,refrigerado
L-020129,"10 marmitas de arroz, feijão e frango em ótimo estado, mantido na câmara fria, preparado hoje à noite",preparado,refrigerado,preparado,ambiente
L-025245,"Doação: 25 refeições de arroz com carne moída, guardado na geladeira. Retirar, preparado agora há pouco",preparado,refrigerado,preparado,refrigerado
L-022633,"Excedente do dia: 6 marmitas de arroz, feijão e frango, preparado hoje à noite",preparado,ambiente,preparado,ambiente
L-023623,"8 marmitas de macarrão à bolonhesa, preparado hoje à noite",preparado,ambiente,preparado,refrigerado
L-023445,"18 porções de legumes refogados com arroz, guardado na geladeira, preparado hoje à noite",preparado,refrigerado,preparado,refrigerado
L-022007,"Excedente do dia: 19 marmitas de arroz, feijão e frango, feito hoje ao meio-dia",preparado,refrigerado,preparado,ambiente
L-024037,"Sobrou 31 marmitas de macarrão à bolonhesa, preparado agora há pouco",preparado,ambiente,preparado,refrigerado
L-021874,"Doação: 6 porções de legumes refogados com arroz, fora da geladeira. Retirar, feito no almoço",preparado,ambiente,nao_perecivel,ambiente
L-020100,"5 refeições de arroz com carne moída em ótimo estado, feito no almoço",preparado,ambiente,preparado,ambiente
L-019481,"Sobrou 44 marmitas de arroz, feijão e frango, preparado agora há pouco, fora da geladeira",preparado,ambiente,preparado,refrigerado
L-021832,"Sobrou 37 marmitas de macarrão à bolonhesa, feito no almoço, mantido na câmara fria",preparado,refrigerado,preparado,refrigerado
L-025758,"Sobrou 2 porções de strogonoff com arroz, preparado agora há pouco, em temperatura ambiente",preparado,ambiente,nao_perecivel,ambiente
L-021338,"Temos 2 quentinhas de feijoada para doar, fora da geladeira, feito no almoço",preparado,ambiente,nao_perecivel,ambiente
L-020980,"Sobrou 5 marmitas de arroz, feijão e frango, no balcão",preparado,ambiente,preparado,ambiente
L-019599,"Excedente do dia: 7 porções de strogonoff com arroz, feito hoje ao meio-dia",preparado,refrigerado,preparado,ambiente
L-023480,"Sobrou 2 quentinhas de feijoada, feito no almoço, refrigerado",preparado,refrigerado,nao_perecivel,ambiente
L-020701,"Doação: 11 refeições de arroz com carne moída, guardado na geladeira. Retirar, feito no almoço",preparado,refrigerado,preparado,refrigerado
L-025674,"41 porções de strogonoff com arroz em ótimo estado, mantido na câmara fria",preparado,refrigerado,preparado,refrigerado
L-025508,"Doação: 5 refeições de arroz com carne moída, fora da geladeira. Retirar, preparado hoje à noite",preparado,ambiente,preparado,refrigerado
L-025437,"15 salgados assados em ótimo estado, mantido na câmara fria",preparado,refrigerado,congelado,congelado
L-020425,"Temos 11 porções de strogonoff com arroz para doar, feito no almoço",preparado,ambiente,preparado,refrigerado
L-022332,"20 marmitas de macarrão à bolonhesa em ótimo estado, preparado agora há pouco",preparado,ambiente,preparado,refrigerado
L-020457,"14 marmitas de arroz, feijão e frango, refrigerado",preparado,refrigerado,preparado,ambiente
L-019924,"Excedente do dia: 9 marmitas de arroz, feijão e frango, feito hoje ao meio-dia",preparado,ambiente,preparado,ambiente
L-019773,"Doação: 25 quentinhas de feijoada, refrigerado. Retirar, feito hoje ao meio-dia",preparado,refrigerado,nao_perecivel,ambiente
L-023833,"Temos 4 porções de strogonoff com arroz para doar, refrigerado, preparado hoje à noite",preparado,refrigerado,preparado,refrigerado
L-020124,"Temos 15 porções de legumes refogados com arroz para doar, feito hoje ao meio-dia",preparado,ambiente,nao_perecivel,ambiente
L-025183,19 porções de legumes refogados com arroz em ótimo estado,preparado,ambiente,nao_perecivel,ambiente
L-024355,"8 bandejas de frios, mantido na câmara fria, validade próxima",refrigerado,refrigerado,congelado,refrigerado
L-023948,"Doação: 54 potes de iogurte natural, refrigerado. Retirar hoje ainda",refrigerado,refrigerado,refrigerado,refrigerado
L-022734,"Sobrou 11 garrafas de leite fermentado, validade próxima, guardado na geladeira",refrigerado,refrigerado,refrigerado,refrigerado
L-022300,"Sobrou 17 iogurtes, guardado na geladeira",refrigerado,refrigerado,refrigerado,refrigerado
L-025450,"Doação: 19 garrafas de leite fermentado, guardado na geladeira. Retirar, validade próxima",refrigerado,refrigerado,refrigerado,refrigerado
L-023341,"12 bandejas de queijo muçarela em ótimo estado, refrigerado, vence em breve",refrigerado,refrigerado,refrigerado,ambiente
L-023873,"Sobrou 44 iogurtes, validade próxima, mantido na câmara fria",refrigerado,refrigerado,refrigerado,refrigerado
L-021180,"63 garrafas de leite fermentado em ótimo estado, mantido na câmara fria, vence em breve",refrigerado,refrigerado,refrigerado,refrigerado
L-021819,"2 pacotes de presunto fatiado, mantido na câmara fria, vence em breve",refrigerado,refrigerado,preparado,refrigerado
L-022701,"Temos 13 bandejas de frios para doar, refrigerado hoje ainda",refrigerado,refrigerado,congelado,refrigerado
L-025752,"Sobrou 30 potes de iogurte natural, mantido na câmara fria",refrigerado,refrigerado,refrigerado,refrigerado
L-025381,"Temos 38 potes de requeijão para doar, em temperatura ambiente, validade próxima",refrigerado,ambiente,refrigerado,ambiente
L-022234,Excedente do dia: 51 potes de requeijão,refrigerado,ambiente,nao_perecivel,ambiente
L-022322,"13 potes de iogurte natural em ótimo estado, refrigerado",refrigerado,refrigerado,refrigerado,refrigerado
L-019495,"21 potes de requeijão em ótimo estado, refrigerado hoje ainda",refrigerado,refrigerado,nao_perecivel,ambiente
L-024433,"Doação: 2 bandejas de queijo muçarela, guardado na geladeira. Retirar hoje ainda",refrigerado,refrigerado,refrigerado,refrigerado
L-020503,"9 garrafas de leite fermentado em ótimo estado, guardado na geladeira, validade próxima",refrigerado,refrigerado,refrigerado,refrigerado
L-025011,"12 garrafas de leite fermentado em ótimo estado, refrigerado",refrigerado,refrigerado,refrigerado,refrigerado
L-023091,"4 potes de iogurte natural, validade próxima",refrigerado,ambiente,refrigerado,refrigerado
L-019721,"16 bandejas de frios, fora da geladeira, vence em breve",refrigerado,ambiente,congelado,refrigerado
L-023264,"Sobrou 5 potes de requeijão, validade próxima, guardado na geladeira",refrigerado,refrigerado,congelado,refrigerado
L-022476,"15 bandejas de queijo muçarela, refrigerado hoje ainda",refrigerado,refrigerado,refrigerado,refrigerado
L-025780,"25 potes de requeijão em ótimo estado, fora da geladeira",refrigerado,ambiente,nao_perecivel,ambiente
L-024080,"Temos 16 garrafas de leite fermentado para doar, guardado na geladeira, validade próxima",refrigerado,refrigerado,refrigerado,refrigerado
L-025005,"Sobrou 14 bandejas de frios hoje ainda, mantido na câmara fria",refrigerado,refrigerado,congelado,congelado
L-025203,"Temos 3 bandejas de frios para doar, mantido na câmara fria, validade próxima",refrigerado,refrigerado,refrigerado,refrigerado
L-024414,"Doação: 25 garrafas de leite fermentado, mantido na câmara fria. Retirar, validade próxima",refrigerado,refrigerado,refrigerado,refrigerado
L-020198,"Sobrou 23 bandejas de frios, vence em breve, guardado na geladeira",refrigerado,refrigerado,congelado,refrigerado
L-020559,"Excedente do dia: 8 bandejas de queijo muçarela, vence em breve",refrigerado,ambiente,padaria,ambiente
L-023043,"Sobrou 42 bandejas de frios, validade próxima, guardado na geladeira",refrigerado,refrigerado,congelado,refrigerado
L-023834,"5 potes de requeijão, mantido na câmara fria",refrigerado,refrigerado,congelado,refrigerado
L-020104,"15 garrafas de leite fermentado em ótimo estado, guardado na geladeira",refrigerado,refrigerado,refrigerado,refrigerado
L-024988,"Excedente do dia: 5 garrafas de leite fermentado, vence em breve",refrigerado,refrigerado,refrigerado,ambiente
L-021724,"Excedente do dia: 25 potes de iogurte natural, vence em breve",refrigerado,refrigerado,refrigerado,refrigerado
L-022918,"28 bandejas de frios em ótimo estado, guardado na geladeira",refrigerado,refrigerado,congelado,refrigerado
L-022233,"5 potes de requeijão, guardado na geladeira hoje ainda",refrigerado,refrigerado,nao_perecivel,ambiente
L-023174,"8 pacotes de presunto fatiado em ótimo estado, refrigerado",refrigerado,refrigerado,nao_perecivel,ambiente
L-020151,"Temos 4 garrafas de leite fermentado para doar, guardado na geladeira",refrigerado,refrigerado,refrigerado,refrigerado
L-021921,Excedente do dia: 1 iogurtes,refrigerado,refrigerado,refrigerado,refrigerado
L-020313,"Sobrou 14 potes de requeijão hoje ainda, guardado na geladeira",refrigerado,refrigerado,congelado,refrigerado
L-024768,"Temos 19 potes de requeijão para doar, guardado na geladeira",refrigerado,refrigerado,congelado,refrigerado
L-022020,"Doação: 4 bandejas de frios, mantido na câmara fria. Retirar, validade próxima",refrigerado,refrigerado,refrigerado,refrigerado
L-020843,"Doação: 8 iogurtes, guardado na geladeira. Retirar, vence em breve",refrigerado,refrigerado,refrigerado,refrigerado
L-019717,"Doação: 30 pacotes de presunto fatiado, refrigerado. Retirar, validade próxima",refrigerado,refrigerado,nao_perecivel,ambiente
L-024065,"12 garrafas de leite fermentado em ótimo estado, guardado na geladeira hoje ainda",refrigerado,refrigerado,refrigerado,refrigerado
L-024877,"6 bandejas de frios, refrigerado hoje ainda",refrigerado,refrigerado,congelado,refrigerado
L-024311,"Sobrou 8 bandejas de queijo muçarela, validade próxima, refrigerado",refrigerado,refrigerado,refrigerado,refrigerado
L-020915,"Excedente do dia: 16 bandejas de frios, validade próxima",refrigerado,refrigerado,refrigerado,ambiente
L-019710,"Excedente do dia: 30 potes de iogurte natural, validade próxima",refrigerado,refrigerado,refrigerado,refrigerado
L-019783,"8 garrafas de leite fermentado em ótimo estado, mantido na câmara fria",refrigerado,refrigerado,refrigerado,refrigerado
