regiao,municipio,setores_classificados,setores_vulneraveis,ipvs_medio,lat,lon,pct_vulneravel,indice_vulnerabilidade
SP - Sul 2,São Paulo,5919,2520,3.6961,-23.6956,-46.7167,0.4257,1.0
Diadema,Diadema,738,284,3.687,-23.6925,-46.6105,0.3848,0.9039
Guarulhos,Guarulhos,2350,786,3.406,-23.4414,-46.4848,0.3345,0.7858
SP - Leste 2,São Paulo,4386,1435,3.5271,-23.5453,-46.4381,0.3272,0.7686
Mauá,Mauá,803,253,3.4421,-23.6668,-46.4447,0.3151,0.7402
SP - Norte 2,São Paulo,2887,724,3.1108,-23.4657,-46.7113,0.2508,0.5891
Osasco,Osasco,1453,325,3.0385,-23.5341,-46.7917,0.2237,0.5255
São Bernardo do Campo,São Bernardo do Campo,1664,362,2.9519,-23.7169,-46.563,0.2175,0.5109
Santo André,Santo André,1549,252,2.6107,-23.6695,-46.5161,0.1627,0.3822
SP - Norte 1,São Paulo,1791,288,2.5617,-23.4792,-46.6008,0.1608,0.3777
SP - Leste 1,São Paulo,3219,309,2.3743,-23.5587,-46.5419,0.096,0.2255
SP - Sul 1,São Paulo,2975,280,1.965,-23.6155,-46.6304,0.0941,0.221
SP - Oeste,São Paulo,3198,203,1.7073,-23.5659,-46.7137,0.0635,0.1492
SP - Centro,São Paulo,1500,28,1.9267,-23.5496,-46.6432,0.0187,0.0439
São Caetano do Sul,São Caetano do Sul,418,0,1.701,-23.6279,-46.5649,0.0,0.0
